playlist_idx,cluster,relevance,diversity,serendipity
2,3,0.4360135286358492,0.5513866560850386,0.2618454795215548
7,1,0.4798400640654824,0.49431286701729227,0.2190354848589927
10,0,0.6051509291311058,0.4667505800743539,0.2866590590508045
17,2,0.5305588331980413,0.33480141824691134,0.12476749451663337
28,2,0.672486177077035,0.31161227535900826,0.1348127468313304
29,2,0.5791874736270416,0.3112246151072221,0.11536147732706896
31,0,0.7255925201365298,0.20264954810445168,0.28245741175631817
46,0,0.6091457755396947,0.39866314203543063,0.3167640852165761
47,3,0.5146691846251424,0.5272076587110777,0.18269054178636668
56,0,0.4928765777311323,0.473919469019491,0.17890553266392212
60,3,0.48048698136600126,0.3289156084665299,0.27201031162209827
64,3,0.43957806506232944,0.5041227014392413,0.18883309292879416
72,2,0.6302834288002007,0.32993558446376614,0.15285245084917395
85,2,0.6667790244773255,0.33002149511381007,0.11996778141495426
108,3,0.5418318120424085,0.5374595730515689,0.308960223793672
121,1,0.5197559285739348,0.45782165290122956,0.2052335492235959
126,0,0.5756699779849306,0.37802544239166813,0.17082570280111634
165,1,0.6109878141389973,0.3464447944546595,0.11620539809472182
179,1,0.5269691607055154,0.45805262215522524,0.28104791452148276
183,2,0.6822802794930476,0.33055827386975134,0.2912803826281837
188,3,0.520631214957461,0.4526904949719073,0.1654962825523829
198,1,0.6602699781241427,0.33728158262289043,0.12412730762792627
211,0,0.7142148267290839,0.21936470704009037,0.09036696842918443
213,2,0.6788162286633931,0.34889769915403557,0.19770189884225756
245,3,0.5101981730892213,0.3555915446943827,0.26133045953988404
246,1,0.5884419366731566,0.3433596723696628,0.12446151886265407
250,2,0.6826934608798799,0.34182625008057477,0.14540662010286634
311,0,0.7285496586555014,0.3138849544315797,0.13886128495366515
334,1,0.5436892409803769,0.437045261320824,0.25576013198111425
337,2,0.5127070416665316,0.47472506056682584,0.1697049731310813
346,2,0.6548573409154758,0.32341262481851063,0.4004642164037223
358,2,0.6157771807542441,0.3128338741233996,0.11047097894421244
360,1,0.6081274930216873,0.30973842926091155,0.1226133183012389
365,3,0.509202868258738,0.5655489979786875,0.21824510988089305
373,1,0.6977615541034662,0.3285491720303101,0.32298387834726444
378,1,0.6676628783012016,0.32723928573732197,0.22371107760298065
401,0,0.5658034599913903,0.4401548667466286,0.17773246274789056
402,2,0.4752187256677117,0.410882852411001,0.15896900481329998
417,2,0.581269810416388,0.35584907774054697,0.1304259916851944
420,1,0.5685729845581055,0.341584525516598,0.12459669042621524
431,3,0.6093718688178317,0.3378393836259945,0.12412641661103684
449,1,0.47775875890390285,0.5672200986066993,0.29334716999148747
469,2,0.66423297918624,0.3219326937255593,0.11904749480681591
486,1,0.7044981995985179,0.28830542321256114,0.335791201069554
518,2,0.5536400384877932,0.29882981598008806,0.13172008854552977
526,1,0.6712128616380553,0.22566096502499478,0.14975099923954976
541,1,0.6841418442147612,0.31072387211181274,0.18020518184371564
555,2,0.6600050612172524,0.3196616956326398,0.32642495786433345
560,3,0.5505925753732365,0.3009227830854857,0.13225804680116812
566,1,0.552518993702517,0.32070152813347264,0.13319630479457942
576,2,0.7193032010200123,0.30588888994920105,0.13219617380878096
586,1,0.5018155188897079,0.5054924781513312,0.18973890199498575
591,2,0.643292930071387,0.3109832878057385,0.13581853774436758
602,2,0.6567378813349836,0.3321679448736212,0.15852926305312337
619,3,0.588278054463459,0.38155195896770877,0.13196280149810868
627,1,0.7052912233628249,0.3327868604725901,0.37079710471416716
628,2,0.6252279098018924,0.3357386485326074,0.1479562068928051
638,0,0.6706054754671118,0.27984980136981974,0.3761407775901952
643,2,0.5930986136342182,0.39078107510845894,0.20975610127127278
660,1,0.7316750115216352,0.29816900855626904,0.14160406897167485
672,2,0.6636058331623669,0.3091047645350147,0.14368564659759522
675,2,0.6461123107343308,0.33770109758235056,0.15716873786606794
678,1,0.5330224594384791,0.3960447390471815,0.2265658237820449
699,1,0.6760509169582275,0.3336325062791299,0.13311466594770488
705,3,0.5562893833945349,0.48358528770354536,0.2008195737702383
709,1,0.6279323872435703,0.32179187998062997,0.14502652259630075
710,1,0.7064067170303409,0.3073998166362255,0.1404063454299599
711,2,0.686968628149015,0.3093946081286937,0.14775858420863727
713,3,0.45079284190243496,0.343510411470315,0.2517078934351327
720,1,0.7020636369711256,0.33765662000854113,0.12908863292147932
722,1,0.5427732865107904,0.32697468743291747,0.11268424519963724
724,3,0.6177116392929306,0.44915940028504064,0.20468171661020598
732,3,0.49386529550648,0.4886810312613995,0.18545779824130235
757,1,0.5651599659880254,0.42147215201249477,0.18156732098062425
769,1,0.5692003870902812,0.31528507970360375,0.10151790428085973
780,1,0.6639404373069097,0.3021616664595358,0.12188801817836974
790,3,0.466249245104769,0.526854028712999,0.28390491095193776
791,2,0.6717869560181794,0.302752293744074,0.24820425737536492
797,3,0.42896663954121267,0.5460567965137089,0.1649533244081742
799,0,0.7825904717343274,0.23007351744192883,0.3076438474680221
802,3,0.5516791611269147,0.451201735466899,0.1894094880537051
857,1,0.6521727082238427,0.31021849440345106,0.13122701500755185
861,3,0.7024033775980284,0.3057932361981577,0.1399765764616493
871,2,0.6633530241028202,0.32707269904904024,0.124657745139326
887,2,0.6172863699667767,0.39439613986546507,0.17190791890543308
893,3,0.43858871412565587,0.5618694565997794,0.27430961729030257
899,3,0.47305452085121497,0.48397518525106975,0.15692213229217608
902,0,0.4374317757916812,0.4527869871261828,0.22554008175394702
914,0,0.7808797131582055,0.26843669224200795,0.1291922640140142
938,0,0.7414135124182312,0.22273532436839594,0.29392550402828993
947,0,0.43815022535338666,0.536610845147121,0.23489945258029268
948,1,0.6672990614264667,0.33449445656698906,0.1490002212504039
961,1,0.6213148462410463,0.3156667486429955,0.30290955268080916
968,0,0.5353884290630572,0.5021244945764439,0.36785905614440767
980,1,0.6852458388388346,0.27736654093898816,0.1541470263516147
993,2,0.635424337394573,0.3236933026793408,0.12477093599200277
994,2,0.682515115954963,0.30549167561458157,0.1306032746427296
996,1,0.5856324619544204,0.34406427263686556,0.11184238409291708
1000,3,0.36480910329076555,0.289448849306847,0.09161384917334296
1008,3,0.501396069862542,0.48522622529913895,0.27266860118929653
1015,1,0.6912564917979442,0.31563330221714736,0.12960968017672553
1036,2,0.6218479826115848,0.3258044633431818,0.14431440809838023
1040,1,0.6561108328859546,0.3371968640450367,0.13807799972540682
1051,1,0.6254564850280911,0.3339511945693018,0.12435072023932685
1077,3,0.5654986207740594,0.41891649690072386,0.21505017212264588
1083,2,0.6487288837474489,0.33840928315980023,0.131545022419778
1084,0,0.6711025648865184,0.33972765998959864,0.1326128572080473
1104,3,0.3738679898963419,0.6126248481336323,0.18543716303045726
1110,0,0.7938771422360992,0.2396345432488617,0.10269489802971253
1128,2,0.7034936030638249,0.30540906548285596,0.20176263750186202
1178,3,0.3496422090309543,0.5630190188446074,0.19787605820724094
1194,3,0.5231327031753307,0.47985966710550976,0.15836074026718047
1203,3,0.4697187970427603,0.4732308923043842,0.3008447421840276
1204,1,0.6711595634182247,0.3160623876692841,0.15644772969246085
1207,3,0.526401929540138,0.4210396022954095,0.15196985828331905
1212,0,0.626543606864544,0.3459360481135486,0.13191015644318338
1214,1,0.7730576394484816,0.19981739684954158,0.14023459760346332
1218,0,0.622468277003931,0.2600504297469406,0.0937575735440618
1232,0,0.7185516201232964,0.27540374141083845,0.11871565745223966
1240,1,0.6298748419668243,0.29848255626802944,0.20150030921993486
1241,2,0.6194939112172947,0.33102421802246584,0.12931965615845456
1261,0,0.6048795334641782,0.3187011544743449,0.21069842111791195
1266,3,0.6585291784693458,0.30266048058636663,0.15094786256364998
1271,0,0.4697993406384272,0.47456370131292236,0.30314208329163284
1284,3,0.42832266740724045,0.567951431550419,0.1895039839020285
1295,0,0.6871720437755933,0.2776057305183497,0.10323618723882137
1299,2,0.6500013378551182,0.3333401978491404,0.14511200852544492
1302,3,0.5382977486951442,0.457793921729412,0.1705612552612524
1306,0,0.760906888568953,0.23359430662991854,0.2125821452036151
1315,1,0.6730472132079328,0.32355897700594394,0.32175564042942423
1320,1,0.657297100817732,0.339931288964073,0.13878271576951998
1355,3,0.5982157913046147,0.4007990069586247,0.31233484450376836
1360,3,0.4680789472956707,0.5417614881926097,0.29159656103003767
1373,3,0.6699170806248343,0.2893628102483341,0.11194026623078386
1377,3,0.6822753354809599,0.2599270886151903,0.17967822852395127
1381,3,0.5383088215632458,0.4367653834056986,0.17392045155968236
1394,3,0.6722578575293597,0.371660932225197,0.19290765481055847
1399,0,0.651324018550014,0.33888786641197843,0.15723015023074355
1401,1,0.6207976292716021,0.4423977674385854,0.23163114256367626
1407,2,0.6598421083550756,0.32424145895306866,0.154758323876357
1413,2,0.7070888379920881,0.31098332898001846,0.12912296772451073
1416,0,0.6934562774104254,0.3098104387731704,0.12182573344352192
1425,1,0.5879230028364917,0.33490921063879997,0.15120844682440274
1428,3,0.48728752244534984,0.4398853533509799,0.1675323064557292
1430,2,0.6615535725749521,0.30732663574613184,0.13206079987426425
1453,1,0.677769308422391,0.31441141738989486,0.19552486107555725
1459,2,0.6695141145187283,0.31774043000933583,0.17760643259025158
1483,0,0.7713664832508427,0.21427323408490473,0.24893434580041424
1485,2,0.6282466044965922,0.35402673397473705,0.1383505780763318
1494,1,0.7239159103001302,0.2882006280811379,0.11714445947219371
1540,2,0.6383596550763095,0.34954709933126427,0.13400762088740567
1541,3,0.34348973187585874,0.5320924276323233,0.19794272665558152
1543,0,0.6809768687310671,0.3267028566779103,0.14483690306456284
1550,0,0.48182552439744986,0.42537326613950943,0.19801678840374975
1557,1,0.6140765760811655,0.33365216239418993,0.11675514399771089
1596,3,0.5407786292880377,0.30688082406105577,0.13975048480125643
1604,1,0.45156670564144086,0.5289894432485918,0.288917133574092
1605,3,0.40710335128299785,0.505881827967742,0.22431325447029124
1609,2,0.6517275660296207,0.36370439052863346,0.1392516902126555
1611,2,0.6775270286049487,0.33281457324265895,0.16683805814755653
1625,3,0.5990617252258141,0.44856984340250905,0.17519967963678798
1626,3,0.48976138268272895,0.3420137086766466,0.13649627695686442
1634,2,0.6115932199539372,0.33347416930499096,0.13059374377121458
1635,3,0.3595612656259068,0.44863557292424094,0.2235831536099389
1663,0,0.7129969975905445,0.30264150305890636,0.14917884354224908
1664,2,0.6787861403592551,0.2979474292100047,0.12171504383258674
1665,2,0.6039363285191075,0.4389904116402843,0.18151368950634247
1673,1,0.7278253702278064,0.2957466923162717,0.17733636779142517
1686,1,0.669099899023161,0.3584753583257201,0.2396397507465349
1702,2,0.6329513447583297,0.2833171746797024,0.13254564821254516
1715,3,0.5737010806076489,0.3526709178869334,0.11424454480450066
1717,3,0.39989377255896713,0.480380185722022,0.2227082833907561
1719,3,0.5778602524994269,0.49387165096142716,0.18767821016713604
1736,1,0.5039578205905496,0.46671449826255007,0.21287472904400695
1763,3,0.36173016935152263,0.5478269217946086,0.19926697038670516
1780,1,0.5242145368785928,0.3352311289481015,0.11147463799500344
1782,2,0.6984562625523104,0.3185045079721509,0.14626962468381643
1786,3,0.506672565815881,0.449866630651963,0.1391868658463385
1790,1,0.5846597227923286,0.31050656744239724,0.15010465782478827
1812,2,0.5227196256759383,0.43398028115806986,0.1417219131768812
1831,2,0.6323983839815267,0.32684754149713724,0.1392483147396298
1832,1,0.5879371380912666,0.32852640714169945,0.12249313301008967
1834,1,0.6468269054670241,0.32993237197033387,0.12114000886072405
1845,1,0.6623466583192356,0.28132645747552243,0.22626632449798612
1877,1,0.5475804338343517,0.4772119062702276,0.17555891953329933
1891,1,0.5887922088249622,0.39971574245247843,0.2809919712348609
1893,2,0.6931771006222904,0.32528831567648053,0.13089909693988858
1901,0,0.5112085471024423,0.4724496654904402,0.19074119380908156
1950,3,0.5468007405930677,0.33975180427938934,0.1259360163145606
1974,2,0.7363764799787509,0.24530223390015693,0.12215759217169528
1981,3,0.41325446880282074,0.5147065585755521,0.23727818577632676
2001,2,0.6692801540137239,0.3410644609631224,0.14479585475566326
2003,1,0.6700797178285578,0.3068057359882759,0.11993627952357509
2010,1,0.6816144118201437,0.2910735132578257,0.20396233664212154
2011,0,0.758691576242777,0.24422948365056663,0.20035345417183162
2018,3,0.5048863848002438,0.35024596688198606,0.1430990121847394
2019,2,0.6383093766443819,0.32360111853268836,0.3472582925234561
2026,3,0.4217120677539707,0.4650290281208761,0.23977155991698343
2030,1,0.5607631722039127,0.44356762644931724,0.17986198976191076
2050,2,0.5839063279996745,0.28789843441965823,0.0968825707311129
2060,1,0.631966104033615,0.3295405243773044,0.19243731980485856
2105,2,0.7008864758144492,0.326864825684244,0.3224883576349064
2114,1,0.6047738809266116,0.3316425087377489,0.12032021198377231
2117,3,0.42769401865540624,0.43866740341814137,0.20664488319588514
2121,2,0.698960453743418,0.3641213816555866,0.1460780321234691
2122,2,0.6446605715493272,0.34761902697164304,0.1376748424984363
2130,2,0.6575687662617052,0.33936969372418946,0.13074857783358462
2153,1,0.6051486468716603,0.22435221029055075,0.09796734503594945
2159,1,0.6466902488031078,0.3213340289553088,0.11628207852714177
2178,2,0.6676907724916028,0.3117327356929622,0.13563379267987663
2179,1,0.6677820878966982,0.3261907212695969,0.12946578314508767
2180,1,0.653550691609227,0.3297753437236174,0.12482291334787503
2203,0,0.7479101586952595,0.2945029405190497,0.1326459970696804
2231,0,0.5396525020083307,0.3349527164832502,0.17148431965206454
2233,2,0.5575501621992975,0.32996798515970593,0.11985050848318406
2248,0,0.7153637122643616,0.17413128293840818,0.13348420402012157
2253,2,0.6634633575909243,0.3368272118899357,0.12491561999795871
2254,2,0.6654818367018605,0.33170125784301563,0.14048873485741317
2259,3,0.5016283519372826,0.4103875329422261,0.1174344110134163
2260,2,0.7136911845523083,0.30562532715263524,0.13605536577050875
2264,3,0.3595659355066697,0.6360868809733692,0.18750576348999484
2308,2,0.6034736049920241,0.3089402174730631,0.10231922860151378
2316,1,0.6677683169136736,0.27426231608223806,0.11095344718128874
2318,0,0.7120480601746425,0.3353605942485074,0.17033137605470258
2324,2,0.6963034718959169,0.3269344636832653,0.1398269088092509
2335,1,0.6467709174778997,0.3415404191279373,0.13969685208989266
2336,3,0.5466758497467793,0.37347940710122385,0.12049059701215588
2354,1,0.6554001224055973,0.3425408575229517,0.17863773573879266
2356,1,0.6826239911214368,0.33140602040928313,0.21954207567183312
2368,3,0.5058675869263723,0.4625930001410318,0.2737118259394125
2405,0,0.7194316792177754,0.30467091791118195,0.2552686506860584
2421,1,0.6384723382095779,0.32534107148627434,0.1226672981070852
2452,0,0.6204015916067874,0.29110429663252746,0.12495805015462809
2463,2,0.679571563932275,0.3232531673795471,0.1374500396524254
2474,1,0.5578101771261879,0.34801927818376943,0.12192121342878252
2476,3,0.4887179795995537,0.4205724643813512,0.2938660254654817
2493,1,0.6440000910773909,0.2985723810137164,0.11784650522319783
2505,1,0.6978771004467852,0.30499878981598316,0.12205247512351966
2508,2,0.6616952401529225,0.3145355688872926,0.19038543108732348
2533,1,0.6617123323115373,0.4053570919010401,0.15551337073037058
2549,3,0.4703996532685724,0.3714587928179971,0.11532646608712864
2569,3,0.4861253870884499,0.3911702597141292,0.12909656352854873
2572,3,0.346507500423311,0.5481941816734035,0.20014230708983094
2579,1,0.5531062644611494,0.32403105578263547,0.2750359719024891
2586,0,0.6804683106361318,0.2708596373704052,0.31799433198698207
2588,3,0.584895766739831,0.44831662499549896,0.15933471996111603
2593,2,0.4357393030187339,0.38405380834452874,0.11760225616821977
2610,0,0.5760690554733855,0.39704593205158756,0.13144662527572135
2611,0,0.5214843262650429,0.2852975634607404,0.22862774482477247
2613,0,0.45869633058959397,0.4464310494468351,0.1973930797043212
2615,1,0.6501168692771009,0.3034084673337635,0.12310454325577601
2626,1,0.6545938802076894,0.3051943495710432,0.11118331038912121
2627,2,0.6384310276473067,0.3372329048178837,0.1396685735309289
2639,2,0.6270312792264685,0.345340412038843,0.1332788367823891
2666,3,0.4562786720819063,0.546251361991325,0.20796818072612475
2677,2,0.6365338169445481,0.34679947739104366,0.12718737183297146
2678,1,0.6576010609411332,0.3289372295790066,0.14936907319592604
2704,2,0.45836995920829726,0.4837503218500846,0.27680412439281876
2718,1,0.7034115759788736,0.32333476806477424,0.12797875228622868
2722,2,0.648468032185186,0.34463797209007874,0.12358540941121818
2724,3,0.4987406981021011,0.49829146178174555,0.19804549829332407
2726,0,0.6030478746960175,0.37913195292561974,0.2692099043391043
2729,1,0.7312318162740111,0.26118516674783554,0.14665355156255253
2737,1,0.5902398002169564,0.44546409529448816,0.22969135104353672
2740,2,0.680902516461988,0.3252861117040494,0.17949585909568488
2750,3,0.4647987474325712,0.46961652218081584,0.19165693876980455
2752,1,0.6491199239776223,0.32805606303936696,0.2114300271876021
2758,2,0.583682166112209,0.28908925356942017,0.09917427256075867
2783,3,0.5972262391546728,0.3412829924497487,0.14887260567961166
2810,1,0.6487838773881184,0.3226030558756098,0.11890330595929442
2811,3,0.5431061613790508,0.48609854383729356,0.1753429948025771
2816,0,0.6344850860486049,0.3112975619405963,0.11666748017448869
2818,2,0.6138984468360164,0.3585383974813102,0.18297134351664832
2830,0,0.7208706834165164,0.25638869023103417,0.16224249466424706
2832,1,0.6038724033078997,0.4192363044291404,0.18459793152161777
2839,1,0.6985070678777223,0.26127295376164006,0.3056225312677057
2843,3,0.42273596164085964,0.5229220140506917,0.24825582681027997
2866,3,0.5713845597989604,0.4645170728108413,0.16387447223693882
2872,1,0.6055444016921431,0.35659855554756237,0.12005243209295814
2883,0,0.7956548133887149,0.2585119587123803,0.15073095738079872
2893,1,0.49923921958324685,0.4521964969036951,0.13097568037791824
2900,2,0.6714032965239073,0.3359959345897495,0.14432860830120164
2912,0,0.5780488606865621,0.2802517724802679,0.1175988349974243
2943,3,0.5416446538050456,0.5052785182408082,0.2221438499401427
3001,1,0.6412648848105479,0.3029528703423139,0.11397016038043008
3024,2,0.6379695073953753,0.3153051078774852,0.1400632922991507
3046,3,0.4905461169435123,0.35421185700484914,0.1760560311742736
3049,2,0.6950231889440633,0.3041059397189947,0.14699854820517846
3062,1,0.7099404343423612,0.32331831836580427,0.17346435027742407
3078,1,0.5803871544350909,0.4710985749250475,0.35488856189151274
3082,3,0.6447713264680233,0.2259282579839268,0.15748619473996614
3099,1,0.7130240676392287,0.319796671318773,0.14678598648561333
3108,1,0.696525923830523,0.2766547038287328,0.11087958259127378
3111,0,0.6207573173532339,0.2689837513945167,0.09995006387037413
3118,0,0.6752423756691694,0.2768758706765916,0.12174143434533084
3123,2,0.5985922609552304,0.32355009067892904,0.10697200438935202
3174,3,0.43146667057813237,0.48995091711110605,0.2616156832113721
3191,2,0.5815098885614164,0.3375980922157594,0.10973019932461964
3197,0,0.6542870161062542,0.2317131946757126,0.12264093329319285
3222,3,0.4413019708760469,0.36009362902683917,0.09649984015558158
3225,3,0.5641147559128556,0.4438098574496341,0.1557186920953079
3233,0,0.6856890700644346,0.2807753601138403,0.11379328792626778
3254,3,0.555345181551635,0.459872620976723,0.1575178371853828
3261,3,0.4068838507936341,0.5857725837380916,0.15938588487817987
3296,1,0.7218981633071943,0.29626560085264564,0.1298613258778799
3298,3,0.5259521550784471,0.46670540487219814,0.16262760034836352
3302,3,0.5090789120446698,0.3949509707817078,0.1428392067578666
3316,2,0.6567729918614669,0.32667154707258494,0.2542787876989277
3322,2,0.536750240923077,0.3079647342403772,0.09710653215800094
3328,3,0.5994459416200898,0.33769442639002,0.11542649685217223
3338,2,0.6132364069865294,0.29732560459343294,0.2521711539861545
3340,3,0.4606649213347997,0.5220161085227579,0.27547984097626976
3351,1,0.7329754141561937,0.33105778933369356,0.36074762356689144
3357,1,0.7028041411514333,0.28468936783643717,0.1886241974322652
3369,2,0.6565363500861456,0.3008457663402254,0.11041015830413754
3387,1,0.603607449147876,0.36754663756617967,0.1278635274681792
3388,1,0.5721098322382447,0.32384165862178727,0.11271053888875492
3391,3,0.4440224785770613,0.4960673842429174,0.27307678616286163
3397,1,0.6745545185917596,0.33314066033011747,0.1431959175000073
3406,2,0.6723296471363672,0.328155006400344,0.36015807481449985
3416,2,0.6376992503832075,0.33144123940249426,0.13697553545430088
3423,1,0.7120588877131723,0.2751881392215345,0.18612147410907506
3426,1,0.662704363688071,0.3341622219999131,0.16142542464620463
3441,0,0.6816291077165156,0.2898767149388338,0.14769798805770784
3449,3,0.5498601522658554,0.48019288975622576,0.3488114015638978
3452,3,0.539196892845261,0.3041251040780134,0.2021686461155837
3462,1,0.5771768022065752,0.5136727582278708,0.1947922205799279
3491,3,0.6381008054314897,0.35970035819839885,0.2501657467051686
3503,1,0.5901126068587554,0.46943490665961174,0.19970030293172641
3545,1,0.6353592475931018,0.34588977432705015,0.13144381506750316
3549,2,0.6410060917432532,0.3299934457830499,0.1273812115979659
3553,1,0.7116847519764337,0.2859961757368221,0.2007880655008602
3554,3,0.4306506024573558,0.5271810962880614,0.26002379914172297
3567,2,0.6940110542183741,0.316925671983471,0.284989509631259
3572,2,0.610695939523661,0.30937478112530814,0.11694029702897274
3581,3,0.44343399595992855,0.5179973287483695,0.28378945909192577
3593,1,0.5426651790980455,0.5230007593617912,0.2061876733547857
3602,3,0.5485240173364285,0.44437813622348654,0.17751232870152062
3606,3,0.45527014036563884,0.4578565316490192,0.12924889641307688
3623,3,0.3880634502072599,0.5351169623799583,0.2478072030004509
3649,2,0.6654345816003194,0.31000354362427596,0.12298240265338571
3651,2,0.6674725654344901,0.3193918642351615,0.11773472981649129
3656,1,0.6186456871503763,0.3094093174147273,0.10768752636476962
3671,0,0.5249207833894379,0.45877433683759195,0.14647589184249607
3672,1,0.6241471603283323,0.35329791435336433,0.12285442931218309
3693,0,0.5416724675891053,0.25792468977653304,0.18494645645016383
3706,2,0.646328259072303,0.3594291471063732,0.21385888189179783
3710,1,0.6357864043825019,0.30211988498712716,0.15261295100809708
3718,1,0.6296442278348414,0.2261626224933867,0.33582377117631024
3720,3,0.5725810641494448,0.443017269471379,0.2022802176466292
3725,3,0.5161868428973221,0.49562731267605253,0.25355211018894025
3739,3,0.6666345969237534,0.3614455009918477,0.17723716933568606
3749,3,0.35093222743902336,0.44448756983510784,0.1866175307247516
3761,1,0.6403533259593478,0.3063601185772391,0.11332236846246593
3769,1,0.672020425595758,0.32348206398204715,0.13540581238833618
3772,3,0.4779702630266505,0.5566535185773467,0.29658014599297844
3776,2,0.6211664407881065,0.3177498943383015,0.2051446075110602
3777,3,0.3957400834999912,0.5811620204726249,0.20518767577685315
3814,1,0.4826837845276348,0.4161400074321977,0.1349252363138047
3821,3,0.4714966653691358,0.4765027915552241,0.1541763702582008
3825,1,0.4796109745417601,0.4377667043579586,0.16808348064390086
3834,0,0.8033749204059254,0.06612659040730673,0.18058937634363373
3857,2,0.6555311744030846,0.32478324657307756,0.1159448715701887
3863,1,0.5841186807190007,0.44341733801622807,0.1669996407643012
3886,3,0.49320842351539,0.4564649437920356,0.1482979616735964
3904,3,0.5062132259300277,0.4805645486689135,0.1653925173313176
3907,0,0.6859408630047187,0.3069748857691076,0.1434795166860972
3910,3,0.45373207702254753,0.5503746323119796,0.19360787432920165
3916,3,0.3919068989939809,0.5173164063919575,0.145640268876954
3918,2,0.6558016836603671,0.34938550595487683,0.18823756765609678
3921,0,0.7145598850649907,0.2867046713158887,0.3920245175844028
3935,3,0.3653571630024277,0.3943973775789156,0.17835235005542902
3937,2,0.6762941386733351,0.33121587984984013,0.12414603311000054
3955,0,0.48972965858267675,0.46293485001796475,0.15012296672571912
3971,1,0.6678566375472369,0.31087058438903703,0.13298239891873423
3977,2,0.6537179901917711,0.3235108966558752,0.22627308161420073
3981,3,0.5218929103258239,0.34343731324354354,0.12073094364986427
3989,0,0.7473026491307724,0.30310070958480206,0.13519889010961877
3995,2,0.6030511262455863,0.3847406360735358,0.14584497669397933
4026,0,0.7431875223101736,0.28941471965439947,0.12292326301907937
4029,0,0.5391365294538177,0.43436188228216244,0.21103226176339676
4036,0,0.6688873239223553,0.29240716909372266,0.15708886365933988
4052,3,0.5052526896339661,0.3475653595240068,0.09785688213637654
4073,1,0.6627085782210093,0.321137450126164,0.12723044368185354
4077,2,0.6675286239336504,0.3473986957326989,0.38711385416780236
4094,2,0.6157131248180387,0.39707174629351527,0.22476120466471194
4096,2,0.6628498057392676,0.3407628397871799,0.137753949717144
4102,1,0.7684074136650442,0.2667440375033191,0.1566554019776408
4122,1,0.690893266809918,0.2845699793207921,0.1664759784226824
4123,1,0.7402463086485309,0.26415692266507196,0.11459845683606107
4131,2,0.6795372299845521,0.33766368519520407,0.1596960062709408
4134,1,0.6612867814011262,0.40079121124234773,0.1612026603677594
4150,1,0.6110861075468299,0.33915826441029706,0.15049093364034075
4168,1,0.6755147019440966,0.33383217848270874,0.12469263295567017
4178,1,0.6751389335439498,0.30833845862174003,0.13580442080843047
4217,3,0.42674825469646005,0.5123237327342794,0.279644212673594
4236,1,0.5282122552711538,0.3895536374577835,0.12828949307371948
4237,0,0.46903926927470696,0.45102450110365033,0.22314700462851378
4246,2,0.5720008540464997,0.2817981871813676,0.18230715364044295
4256,1,0.6430505091575387,0.31082484656839404,0.1297595643087573
4269,1,0.5012729497720382,0.4927139800657748,0.2381721862653962
4271,0,0.7002713755088125,0.23156566340627338,0.1525952881786343
4281,3,0.4628594462381694,0.5208113707192639,0.24120198736286308
4290,3,0.4824359879287656,0.5407273174237014,0.27311563513297044
4292,2,0.7023286799161327,0.32303656314445883,0.12639264456052698
4298,0,0.479419015925821,0.5479618621457256,0.20515850635573266
4300,1,0.6774275849703473,0.3106375220483907,0.14195531134359568
4330,3,0.708595855851901,0.3452345146209512,0.15742557531434637
4332,1,0.6623890397500211,0.32588386902654676,0.1347948881232392
4336,3,0.2815045585313993,0.5114733547706065,0.16965708810807645
4339,3,0.475659295763629,0.40336600725404614,0.1908131331692499
4342,3,0.4031171965180922,0.4320659979517182,0.11525002685049256
4345,1,0.6741118292106022,0.3069633052824793,0.13559940446741214
4346,1,0.6072719142977862,0.35069859222612754,0.127093529215311
4358,2,0.4805549215051869,0.45511404947366996,0.28501138886246746
4366,2,0.6279760690776655,0.344667582144924,0.14334466502885768
4375,0,0.6559218867893871,0.33038916093943915,0.12779638679522168
4381,1,0.7255683810624807,0.3153734207325378,0.15271570843493204
4397,1,0.6096879798712225,0.3167117537880333,0.3132363031900752
4399,0,0.7587902515591011,0.2731417816846655,0.15110910386022217
4410,1,0.6500535253739942,0.31938274548166457,0.27832972950267654
4422,1,0.7536026263563158,0.24552578312083995,0.10141384750190365
4427,1,0.6181049878407007,0.2771246257892347,0.11211002819450035
4439,3,0.5686867109871502,0.3763247927493518,0.12497740059462673
4442,3,0.4040899167955475,0.5634043635726134,0.23655164425983166
4445,3,0.47459946271527387,0.5525959775463274,0.17930301558479703
4448,2,0.6895986002386805,0.31699743279632275,0.13756945466618828
4460,2,0.5467860858533855,0.45784103616303606,0.20038112143255724
4468,3,0.40881470184794544,0.5685283978755555,0.2321876638575383
4472,1,0.6076413226074735,0.3418346097877474,0.14047398771662584
4476,1,0.6314103354009265,0.2636717304670949,0.2972108004627321
4478,1,0.542597576537102,0.30064726552058396,0.13695552470122394
4526,2,0.6476447198043631,0.33890121594667655,0.16041982450546152
4576,2,0.6323648454725588,0.34272597270412697,0.13900906667021748
4625,3,0.4624298505819489,0.5081879409439516,0.2063777305110931
4629,0,0.6904575879356385,0.2946223579396785,0.12263969056795102
4645,2,0.7480649670151942,0.22199400205949804,0.201884763563165
4646,2,0.6448046950483861,0.3005207272906444,0.17511147274493208
4676,2,0.698153461166594,0.31091950516261724,0.1285687900515497
4687,3,0.2864903120997281,0.5304065877652255,0.1874392320433646
4698,3,0.5263807634111431,0.45119156991472853,0.15136252827165259
4715,1,0.651338690597649,0.32224260817115613,0.11909200503722644
4748,1,0.643998722755478,0.3146880026760981,0.12673984511972697
4755,3,0.49767726718418853,0.3737844944731833,0.1628073132864519
4790,2,0.6327474243979866,0.3379249687592909,0.12152682719174195
4794,1,0.6128783823238533,0.33792020971615166,0.13522558361478654
4813,2,0.6337411552398928,0.32894847131918037,0.1466920822851141
4814,3,0.4117007590970034,0.5558300679522749,0.1946122421480308
4820,1,0.7380119093622204,0.28471118899999404,0.12084894127083043
4834,1,0.6285645749319342,0.3342577107623733,0.18588402030446513
4836,1,0.6738353707042257,0.3047301092687581,0.11470892652716677
4844,3,0.49474500074805916,0.44880812827937966,0.1344943514745212
4850,3,0.39066003446928116,0.6114800042775428,0.2002569473163431
4862,2,0.6643689105317626,0.3375470675636083,0.39929394768257587
4866,1,0.6821005273039752,0.28608788447724776,0.11838296043568156
4884,2,0.6661761496811094,0.33488766937846837,0.14093021082676854
4885,2,0.6911850324501562,0.31702768307297535,0.1441528584173149
4891,2,0.6623432278059278,0.3103936343615813,0.1185768920908913
4901,2,0.6414710558692863,0.34050353933221045,0.13062167653265386
4912,1,0.6341713853860157,0.3167992305063624,0.16834886585919898
4921,1,0.6404782464531575,0.32050883553767595,0.2508842460286279
4928,0,0.3813002324714762,0.48532235937057666,0.22160183431485475
4939,3,0.3894495737365475,0.44788026346655285,0.22819037224528976
4946,1,0.48987772215955033,0.3540887487212043,0.11782901781175231
4980,3,0.4961623004802862,0.4944101786437609,0.1812564443068895
4985,1,0.6421191620148441,0.32435539334709296,0.12627000940160907
5002,2,0.724809555087199,0.3225282504324637,0.44402162199967654
5003,2,0.6897596566719969,0.33658451815694423,0.19712264510870034
5013,1,0.65816372110046,0.34250626037908605,0.3139045397693878
5014,2,0.5850531975348183,0.3622922501469098,0.1336855416491149
5037,3,0.42011587212504714,0.5758011790697091,0.22445655980736612
5059,0,0.6307605666962129,0.22458093406910107,0.14809338249333828
5082,0,0.7727939503976085,0.2699648282285795,0.3734937119227451
5087,2,0.6171350984284732,0.3311815208982609,0.1256713460238329
5092,1,0.6783621151280775,0.33785470545339014,0.1490152187382424
5099,1,0.47887700279232576,0.42756783880239757,0.20103039833774186
5107,1,0.6736624503665561,0.3131402981671446,0.12048499538437954
5116,1,0.6067590806480108,0.3167377491721224,0.11436268315940805
5172,2,0.5832451925904852,0.37195991293466024,0.20570513990309322
5179,2,0.6815059813826936,0.31159321717878385,0.17913099682954622
5200,2,0.622389174345107,0.34143285987747085,0.13133662578688213
5212,3,0.5756999419960994,0.3759661540065017,0.3506613738304281
5215,0,0.46160979895334425,0.41297787818206355,0.25119845364675925
5243,2,0.5849397629782297,0.32978510226116564,0.19404298619870053
5246,1,0.4252069852085748,0.4953845267899508,0.17416641393962276
5247,3,0.6673331033899648,0.370086627585661,0.2152207566309482
5256,2,0.6570806243152919,0.2989540384190984,0.10934140311298043
5297,2,0.6397172677945814,0.36917056795146486,0.22253624810920075
5298,1,0.6410731215833039,0.30293984930097395,0.12406304373107253
5307,1,0.6495551095504536,0.31902850901250923,0.1260036129858909
5309,2,0.645159379033392,0.3408633138986792,0.12201925736038031
5324,3,0.5405542577881886,0.34637182445275805,0.10635746070809077
5325,1,0.7647878668253516,0.26330514468927346,0.11432213880549363
5340,2,0.6740580319286044,0.3500624817522783,0.14376948575702095
5346,2,0.6632869924522791,0.3262846913393057,0.39892823244975756
5356,3,0.47001306159768935,0.3233898490840338,0.09113857060201745
5358,1,0.6546460250505424,0.4143000651045111,0.18207724740775696
5395,3,0.581074715120953,0.4232511299703815,0.274237725690706
5405,0,0.7239410439703162,0.20037063764267093,0.25128632917001337
5416,0,0.5039687708040749,0.4992767785175699,0.22814131065576107
5439,2,0.6443679565918615,0.33853815293003486,0.2027043679391773
5444,1,0.6464882848753452,0.3311342095021288,0.3045185230248409
5447,1,0.6419144069206504,0.35569823207243145,0.3284198924220699
5449,2,0.6269581795139697,0.33099370088135294,0.13385630614815808
5452,1,0.496417526631938,0.48730478286709267,0.17484332084379794
5482,2,0.6300578348458284,0.3401739738254924,0.12558006588716825
5485,1,0.7095185759528873,0.29679279786020374,0.21537931626209053
5492,1,0.6337476600563653,0.3396445306850332,0.12583380252318468
5494,1,0.6854242824368189,0.3039695950210596,0.1299814319750433
5504,2,0.5726586918227916,0.5078489598052911,0.2727287462573241
5518,1,0.5079098514933759,0.4330306612308452,0.23563805626688294
5527,1,0.5076331793980574,0.3515730635668154,0.10972740517396185
5530,2,0.6578288578438789,0.3450961882102743,0.21963232372852443
5561,0,0.5278663172624285,0.3364529939268731,0.14292027970118926
5581,0,0.636645438883256,0.3122657105308865,0.12151032257380519
5584,1,0.5828039361442867,0.3935361831105929,0.13294010660084724
5593,3,0.48215498788982825,0.5386497069191725,0.16248355638276826
5599,3,0.4582589061888845,0.49156399145490737,0.13273556459040883
5607,3,0.5443591757559612,0.34016306743505786,0.10610673057790573
5614,3,0.4823349801048599,0.4872355098862011,0.16039882129504882
5615,2,0.6782057038809544,0.30671843005741994,0.16898749027377669
5621,3,0.4885179260817561,0.46681221644293835,0.14340841968323065
5625,2,0.604055957969366,0.38957229216191247,0.14160004019060862
5641,3,0.4050098104967946,0.6069155690655241,0.20953712308997446
5644,2,0.6572196903513096,0.3347832462156267,0.14079122433957508
5657,0,0.6283402167210757,0.35187561415687874,0.14948168498354075
5661,3,0.42897868899902025,0.48742668632017117,0.2564727518127979
5670,3,0.540417983200223,0.4978353919443512,0.16939048460272219
5682,1,0.6624294661265715,0.33145545281336863,0.18120336578442875
5697,1,0.6914176959599051,0.33508742263531865,0.135235088737851
5709,3,0.452168686027164,0.5152803540968314,0.2786556964904394
5723,2,0.5919113570540533,0.3397113314937351,0.11744284931423413
5749,3,0.3778324995602844,0.27131019082159047,0.0839244338599901
5760,2,0.5809867709165144,0.32938518507942016,0.10509383963968529
5762,1,0.6682192051284923,0.3197306209059775,0.15384930923951642
5764,1,0.7594561180150297,0.27533721980139103,0.13396171251747221
5809,2,0.6143402146803374,0.3279854765867328,0.1549323481034156
5823,2,0.6366419246803964,0.34197256422962696,0.4419995111210218
5834,3,0.5017740058384073,0.40243952297144103,0.26289837099469815
5836,0,0.9114943372014438,0.02206176775366897,0.22297525920555575
5837,3,0.47886767045043166,0.52730433537412,0.18012955032196604
5840,3,0.48718360465037486,0.5068379309171076,0.23948174737776673
5841,2,0.6240934347457964,0.33002906856422687,0.11530522238900558
5860,3,0.6332630397074508,0.311751454219911,0.13865126091999974
5874,3,0.5195956918631419,0.4835745265336151,0.19243611634042765
5882,1,0.6142383422020922,0.3079091954359787,0.12036819125792338
5886,3,0.36418036525079794,0.4534442573013884,0.20236642661033957
5897,1,0.5453421010756957,0.42634537008555196,0.13447242787597735
5906,1,0.56133132223114,0.3189191435237392,0.23033274884732435
5938,2,0.6759582749351908,0.32368631889203636,0.15133439816111952
5942,1,0.504440319462779,0.47443610779718604,0.2456867665421087
5947,3,0.5293983513925182,0.42491821256999796,0.33609522081924376
5955,0,0.45622863500529864,0.4641964961785363,0.16840257757757143
5957,1,0.7485649525648166,0.29613633139653184,0.1525078367899273
5964,2,0.6636229711393028,0.319105590850409,0.11650622646349387
5983,0,0.4704254855693234,0.4248742825205296,0.22091866402862798
5999,1,0.5197226162866301,0.48311495486384537,0.165310722915837
6002,2,0.7273051289541821,0.31515168102676416,0.1295841524583882
6027,3,0.633378986839264,0.4134183802168748,0.15386260429852075
6030,0,0.5143803967665794,0.49288587114698745,0.3135577248757697
6039,3,0.3322482111049116,0.38387393997116803,0.2276363285869404
6040,3,0.5877511231276767,0.35680931782984016,0.1641452964564698
6064,3,0.4713396886751789,0.5296746739890691,0.18018831557900156
6084,2,0.6329773336626769,0.3630494731664271,0.18375581257294973
6086,2,0.7241581477491811,0.3009687403427409,0.13625997281895763
6089,2,0.6686192200208027,0.33498906084858115,0.25425668901197945
6099,1,0.6300620502874864,0.3359888058211852,0.3505796807671492
6114,3,0.40783699777348476,0.5897694957557255,0.2159112332280568
6129,3,0.44350281919392487,0.5385539647842588,0.17730259541627433
6149,2,0.6718176742420364,0.30728849433725636,0.1772113716032871
6176,1,0.7003833851253011,0.2842029661300902,0.15570936412190578
6190,2,0.5976910325124897,0.3330989888898126,0.27163164576644816
6196,1,0.7216985226650684,0.2863021247187667,0.14684890262083714
6204,0,0.5316367234164209,0.49276761201131847,0.18228549141013461
6216,0,0.6004720659586315,0.40552629426442743,0.1567039221176968
6219,1,0.7005032808540081,0.2514675257239397,0.13396570338400124
6223,1,0.7305428818269392,0.2805239215640096,0.3899128206003562
6247,2,0.5979358071843645,0.4569553177038532,0.20958250055486874
6252,1,0.6300410736172476,0.2895834340734943,0.09975429882785244
6253,2,0.6709613073316658,0.30160312543300216,0.20125227016080174
6261,2,0.6421298976832509,0.32421869783513924,0.11957899653076938
6274,2,0.6621357793879571,0.3201136353918008,0.3188080208991804
6307,2,0.5948579231191415,0.3273625858020659,0.11577369771020377
6313,3,0.4729294975167997,0.43620672056569243,0.22855723494262498
6317,1,0.5776972020712641,0.42739432925635346,0.15892977753744633
6326,1,0.6665953784683918,0.30204354304266845,0.13180422297721
6335,3,0.6148496901371187,0.2373643457887098,0.10144645499636996
6337,1,0.6589636212473474,0.30588401491712713,0.120535399569651
6340,3,0.5567074606370114,0.3022663905526757,0.1527161515208872
6349,2,0.6402424690028902,0.32225830922271936,0.12404309895041112
6374,3,0.5446340255677796,0.402463916284056,0.14198059298928664
6377,2,0.656940052619092,0.3353997058915721,0.2889350802328197
6378,2,0.6532357970223086,0.3178114347346984,0.12158969110383469
6387,3,0.6379603261492982,0.2579392249538016,0.10565423275937955
6388,2,0.666338342369202,0.33606635865541745,0.1299907712155898
6412,1,0.6742429642443887,0.21687352132508964,0.49331207774356767
6433,3,0.5570304772192446,0.45892623378191266,0.1842477487526538
6438,1,0.6097291057742971,0.34581882284212706,0.15063058728207676
6458,3,0.4812450991100044,0.4752721777708454,0.3125002303831423
6481,0,0.5363531139161003,0.5210421206925921,0.19877676308915462
6517,1,0.5581991119976225,0.33355646770406877,0.10122988184897358
6524,3,0.5556326898376391,0.4727249283445697,0.3700454432470978
6526,0,0.7178985820812112,0.30100112386065514,0.21213391513026583
6553,1,0.4089050616962573,0.5034210896341901,0.22687221639956273
6560,3,0.6349958678960045,0.33888108328361044,0.14974956803247164
6623,1,0.5708029658255535,0.5013356451599335,0.28347998565600463
6633,2,0.8183320106631234,0.21301369807768566,0.23659814525234574
6647,3,0.6398703717397115,0.2823746812726936,0.12212167589953536
6648,3,0.4305407215670633,0.45641377928056703,0.2495951811985417
6670,2,0.6573626394768849,0.3356171711499114,0.13436016742240953
6679,2,0.6675294602514029,0.2675960440802754,0.11855999535782212
6721,2,0.6421619591400997,0.3469763988212342,0.23859222048408507
6722,3,0.39134276179775834,0.47813556176508554,0.24056317964633922
6748,0,0.6147836882874455,0.33623039028611246,0.12286641400129933
6751,1,0.5968765533606863,0.3450125826141719,0.13454158586763004
6752,2,0.649582761491313,0.3256610194320838,0.15321072593715468
6756,2,0.6294630738066266,0.3353927956329553,0.14331248841414337
6758,3,0.5023165776345437,0.5195234765808256,0.17663863033928476
6767,3,0.5365227961025284,0.43784774880289534,0.31739909202982836
6773,0,0.684407917125685,0.33758756478704244,0.15114735582890576
6774,1,0.6362722220667906,0.32944140016650547,0.11645283276343613
6784,1,0.5116026226386421,0.5082010435004198,0.26069075740555536
6792,3,0.4767712942582716,0.4935779940383559,0.16513919838583546
6794,3,0.5343916388184938,0.5049154842432733,0.18665825029086605
6817,3,0.38544249370004713,0.5351494735278512,0.21746039548231794
6831,0,0.7072178740941049,0.30450693698976317,0.3672098691697245
6839,2,0.5887428377168124,0.3834785802466508,0.14975995918247142
6844,2,0.5474007939070941,0.45768792692718885,0.19293218359787723
6856,3,0.6156091231739343,0.36235199097170956,0.1424943617539227
6857,2,0.4902468420707088,0.41059071286657767,0.34592015926542086
6898,2,0.6601953046285188,0.3044744763986418,0.20909943218134275
6914,0,0.5319442110858034,0.465793266281473,0.19359826086277288
6923,1,0.6225225659272506,0.38623097229036774,0.14305845142485984
6928,0,0.510524971132194,0.49249494513648606,0.15921902502465302
6942,1,0.5718671388486453,0.3696923485291226,0.1413843241600205
6957,0,0.7217331679667602,0.28805905693726064,0.1573514977966693
6960,2,0.5912331506826979,0.3492254374264231,0.13638050697735482
6995,2,0.571400623460752,0.49240423808414824,0.3279608143106486
6997,0,0.732277777601645,0.2833511492455989,0.332282486879575
7008,1,0.6555191497380755,0.36369303675117515,0.13809192377523077
7019,1,0.7059774077689995,0.3096655634521974,0.1803453384262872
7020,2,0.5972934130751064,0.34256435345941416,0.19696715941409026
7021,0,0.6794169158339298,0.2696154802319054,0.12146821551898068
7034,1,0.5247358335811284,0.486734948068687,0.16492797725742886
7042,0,0.609696853498715,0.3512343718911024,0.33407338946904697
7075,2,0.6824154224214151,0.32333958181554334,0.13841469413263577
7076,2,0.662331539988783,0.3150737413361129,0.1846985241071032
7077,1,0.6534369089929553,0.33284437159799507,0.12329206700998195
7089,1,0.7010784186969319,0.3219253111458984,0.13414037648917224
7095,3,0.5209731163633933,0.5424028003716801,0.20020865710366803
7096,3,0.5837873300595982,0.3352337952690687,0.13794870643715795
7097,3,0.5666359338208702,0.3847807779886889,0.13034482292633232
7112,2,0.6496256802396652,0.34461523198621413,0.2899378893969772
7113,1,0.6489971283545983,0.3476043917475511,0.26979626584256106
7135,2,0.6814252958740208,0.36271098319015505,0.1365288954760845
7193,1,0.5201936248356731,0.3360111724921644,0.16800243044578597
7194,0,0.6215269213458184,0.22774981155903473,0.1647624123300549
7197,3,0.7015966240556449,0.23628627832352234,0.1359241329048336
7200,2,0.6945098587151542,0.31124977557849864,0.11818040180022299
7212,1,0.4832858950618679,0.4856471093734711,0.1807922958961192
7216,2,0.6539760324845224,0.3346075672915132,0.16685825318357742
7262,2,0.6675751523423059,0.3184762654935789,0.12575521069161683
7267,2,0.6457002808440095,0.3139612186587425,0.19652777434005736
7317,2,0.6761859565601844,0.3295186790060015,0.19871906983161186
7328,2,0.5280204702673402,0.31377642388285165,0.10357543959001092
7330,3,0.47276856465046535,0.4854094805321959,0.29752245901380847
7357,1,0.7269042069842745,0.3055581469530193,0.14614853887192855
7358,2,0.7533269810352501,0.27700162064823886,0.1216952021131463
7381,0,0.6973990620704051,0.3054134459162603,0.12157444740684016
7385,1,0.6692779024396612,0.29493658959349844,0.13869587153224966
7401,1,0.6242403177131484,0.3470894471618883,0.2413420675438873
7410,0,0.6012310227636642,0.39002646604532165,0.15273167832043136
7415,2,0.6618871460727892,0.35300558862706544,0.1462057664938836
7434,2,0.6774497187221816,0.32280663423036127,0.1244016565075148
7446,3,0.5636045602724533,0.45313285324275265,0.15533546436752346
7474,1,0.5141132944758708,0.4338469520678927,0.17834685252134236
7489,2,0.6972637929315764,0.31532505185152815,0.43829764873084937
7493,3,0.4629151314523196,0.5052119535702496,0.2906497610427895
7497,1,0.7134086274228368,0.276771897554546,0.21353131846082343
7507,2,0.6308897585854067,0.2943838823984224,0.14281673715261858
7517,2,0.6868150414962667,0.3154092901057225,0.12810140742768253
7529,3,0.5696218200950827,0.46669039001120727,0.18644912008006004
7532,2,0.6482991513622267,0.32591528622264676,0.12644054629535442
7533,2,0.6568689337901094,0.3131014745628452,0.13247997070242623
7567,1,0.5696593776590643,0.29273883216232754,0.126614411145766
7585,3,0.36765921358628134,0.4533472121850375,0.16119957963744652
7586,3,0.4372651247972929,0.5715774230806397,0.2878749489185461
7588,2,0.4323828485572348,0.3660651016955834,0.25750960797161804
7590,1,0.6602083909086839,0.26789693898812117,0.17999975762776999
7591,0,0.5741343937149085,0.3048947180702497,0.13622809461973762
7597,1,0.6327959279512649,0.3199625782599279,0.13745303363378705
7604,1,0.6931832805685765,0.2827806174008548,0.11204607327926332
7605,2,0.6644286638161979,0.3366310040686469,0.13040051169487088
7645,1,0.6318208006935775,0.33092364318107037,0.271574378308969
7657,1,0.6496592833986455,0.3374312532260513,0.12854519048548077
7684,1,0.5477610291937476,0.33943790911573113,0.11907428406699169
7688,0,0.740713581766083,0.28906914858680255,0.2129099381569088
7712,3,0.5535545230205287,0.476374744814294,0.16507302050563893
7721,3,0.5466946241622496,0.4272148272866456,0.3592022845436463
7737,3,0.4176625472769804,0.5557661351426106,0.19965559967057223
7740,0,0.40817935658345167,0.3600596468592553,0.14696498926191806
7758,3,0.51776225243298,0.3896048244901139,0.12506012628005
7780,2,0.6281514120667122,0.3275853353030034,0.13261957760944992
7781,1,0.5104066496454974,0.5110197180079057,0.18621221707725144
7825,2,0.6759902217620807,0.3226121314411655,0.16220555293123268
7827,1,0.6651178919749794,0.4063774659075333,0.3051727300227156
7843,1,0.6778387696830714,0.3213938717842194,0.13110120311732582
7860,2,0.6673465461355818,0.3155963782896192,0.2994294077723307
7861,2,0.627506346484134,0.3158128318128176,0.12584734425064092
7874,0,0.7214211826464799,0.3103672039686324,0.13232199341105713
7877,0,0.5479467118524181,0.3772121558064161,0.1659781626100353
7879,3,0.47763191833191704,0.4821910304523215,0.16904061914890045
7893,1,0.5379009698028552,0.33188385974030377,0.11255366093181103
7895,3,0.3243781253267805,0.5269002929253552,0.17786763434449146
7898,1,0.637847035169208,0.3543846377443769,0.1485108964653865
7904,3,0.6006362420296893,0.3437236779310404,0.11759051606874575
7905,2,0.5433555941193778,0.4798440650523179,0.18593364702112997
7923,2,0.639465040173784,0.32174165030921353,0.12101498052078073
7928,0,0.8303059799912238,0.07025797840291048,0.22645780818174444
7932,3,0.27703457471476617,0.5792047858735287,0.14464858632358923
7934,1,0.6862712960228813,0.3013301104440089,0.13502866785424317
7948,3,0.5046944509700082,0.3713736239549167,0.2958259963427076
7979,3,0.44318347861702007,0.4946732889786821,0.1731871783461013
7989,0,0.6161655105500914,0.4533023197620326,0.20713845584805143
8005,1,0.6775208676321938,0.31420980658203634,0.13211103831154217
8013,1,0.63483200062647,0.31943089174518846,0.11960672629143006
8037,2,0.6056454686413174,0.37875935923602233,0.15127186580023183
8039,3,0.5558305985111497,0.5002954184910228,0.31944354937893
8060,1,0.7197721341238359,0.2735116115954537,0.1289950072573392
8062,0,0.5959322382491888,0.332275984418969,0.14023483210168403
8079,0,0.6014560590636574,0.3563664075736285,0.21980471013476127
8080,1,0.5831187696821244,0.3379721602753508,0.20869189169230076
8149,2,0.6305023448872502,0.33724432938161086,0.11815563127947731
8151,0,0.5611311216342604,0.29394754505658316,0.2750163349635598
8158,0,0.524887581926956,0.3893113808983637,0.24928410593990494
8164,1,0.6144263084968784,0.34745731737316143,0.130126248988014
8175,2,0.6510594571795737,0.3284178709123403,0.31339726562932935
8178,1,0.6834422804446613,0.3331407120241442,0.12863339686195016
8180,1,0.6551772257254626,0.3186175247129839,0.12795240980760658
8182,0,0.5506218822601081,0.44882849182235307,0.1584502731106017
8202,0,0.7402920103767789,0.26439031934972246,0.11285734481601242
8203,1,0.6775957741514869,0.3349018508079977,0.12382314312484717
8209,1,0.5978185431370153,0.3317708925546602,0.15037189848671595
8281,1,0.6388764247736428,0.29818893341172337,0.11474903161234443
8290,2,0.6917130485937566,0.33702706549895434,0.2903998522526603
8312,2,0.6492225029359213,0.32121870927769824,0.3371881683984192
8333,2,0.7201625664118917,0.3201694581470901,0.12661316394398353
8334,0,0.5105777597111509,0.481159889055076,0.19737408703706796
8343,1,0.4899275846028424,0.3433608543548351,0.09543918595769123
8346,3,0.3876428727929387,0.5339842151707791,0.13504847268471173
8348,3,0.5460188615073395,0.4617692906875617,0.16473038698902961
8372,0,0.7351692816352843,0.25851359043721445,0.20870961857173564
8395,2,0.5672110173566141,0.34585143835954046,0.11372699770775177
8396,1,0.6262375319404838,0.3430138190232934,0.19535052695459
8418,2,0.6579007172012261,0.32838531547042815,0.14669115799352295
8419,2,0.6829001708723551,0.39779328603212094,0.2655988169918719
8432,1,0.5397355769776541,0.40262548762300665,0.29745567360704167
8438,2,0.693198448938965,0.29710318069327946,0.12458683563098605
8453,0,0.701918838881641,0.3166313364565435,0.13347605746736474
8463,3,0.3826875306527703,0.5832978075156197,0.16966864152325806
8469,0,0.7269360418670793,0.25858518209429215,0.1712634445060739
8474,2,0.6671093780878662,0.3461371223632336,0.3984959565556603
8477,2,0.6081673967687912,0.31415912126625156,0.11586364606462932
8484,2,0.6601867871190161,0.3185426230897507,0.1180308890790429
8498,3,0.4139867780062488,0.5361308630653483,0.2581100126388313
8505,2,0.6392353844176935,0.3131103255848293,0.10925583670854236
8513,0,0.7038751540580284,0.27053659243705774,0.11130092123667953
8529,3,0.35768518653204573,0.34845963932859303,0.07576193968443547
8546,3,0.30928299608426313,0.504929693756009,0.18103438884154027
8556,1,0.49370055006147245,0.3321666295979807,0.15146138233664413
8558,3,0.47542822613473895,0.4230339455612826,0.13176470083576794
8564,3,0.5911367794951115,0.3648750813351369,0.1545608501377186
8578,3,0.42421672110456715,0.47899285780226,0.1665212506646901
8624,3,0.5065485147650964,0.4760469642063454,0.16018914606830129
8628,3,0.38142427653255484,0.597207183063934,0.20030859432884285
8637,2,0.5738178572109364,0.4301710217761502,0.20961409452606755
8658,2,0.6716303536357798,0.3278300317327162,0.12863506091032548
8670,2,0.660282846392181,0.32056990730208057,0.17799490144853222
8678,2,0.6313377485752252,0.33738323404388304,0.13601957317811347
8682,3,0.49716386215211045,0.36305186937936185,0.1718907578813442
8685,1,0.6396145188684318,0.3256698968513825,0.11518022832559315
8695,2,0.6041229456454512,0.34761459240930404,0.16840988734141324
8712,1,0.5350228332289201,0.4846620444369011,0.1548417864761516
8717,1,0.5662912368874657,0.4486156544847535,0.16124065303989182
8719,0,0.6711383295875045,0.3619946264513265,0.1879937999318975
8723,2,0.6466864828648863,0.33661497666410434,0.23904648243573476
8731,0,0.6435085666836865,0.33516078330280574,0.16421659300382815
8735,1,0.4715510731162676,0.5185552824554743,0.2650282706826465
8746,0,0.607004136200086,0.29797342790467096,0.2462986734785153
8753,2,0.6317484823320435,0.1273407411980818,0.24754310272343502
8763,2,0.6707639754481692,0.3267762904345546,0.12230792944398935
8782,2,0.7104902139733049,0.29720451566674877,0.3776729172641664
8795,3,0.3985731821613847,0.4924145699884801,0.14207839743613715
8802,2,0.29065830662999176,0.35332159561645626,0.06219682062652142
8813,3,0.41719431702484394,0.5873761550920766,0.19371709140826016
8829,2,0.5588341688700743,0.4525563884428354,0.2655873685285847
8844,3,0.5813510279892521,0.42579378814576907,0.19100440741224992
8851,1,0.6192396349383981,0.3255826605972799,0.1283794513144002
8859,0,0.7052715396273008,0.33757890988233763,0.2142456978171581
8866,2,0.6671173173937583,0.3311676821116746,0.262303579346895
8873,0,0.6538183661832102,0.3345052431754081,0.24991097211871932
8902,1,0.6388310882199886,0.3556607613987228,0.27440811036342116
8913,1,0.5195934764623878,0.33158502025561254,0.10865899518075388
8915,1,0.6636947247556425,0.34083488492676794,0.1468465612058597
8918,3,0.3665708065749311,0.5807357183909645,0.18425227399931016
8939,2,0.6787402506149567,0.32271169053767745,0.21308019711473025
8949,1,0.6703808706514427,0.32852336962547657,0.26753834538186105
8952,1,0.5665459412211011,0.32427019563856896,0.11427959074786402
8964,2,0.6666500654267388,0.3416671527951428,0.15830935262191537
9000,0,0.7230073930249269,0.2923794753354475,0.14766403479809073
9004,3,0.5395310418219893,0.43127575663309925,0.15960583317516122
9005,3,0.4920551128972196,0.3069868368773646,0.21416277541665615
9010,1,0.690944522066913,0.29032886895001797,0.11622001537387859
9016,0,0.6594955406918888,0.26965449921586326,0.11520196046041069
9018,3,0.5538201079276879,0.4635639928721924,0.19413986892642748
9039,1,0.4499875452081996,0.5124218004794381,0.20298126447057563
9042,3,0.5468786761331723,0.4921099484577022,0.17538684055763204
9050,1,0.672079786983322,0.3331466971073286,0.13097799486080916
9051,3,0.4007390647445087,0.5337117731217678,0.26093392066798027
9076,2,0.6799370647655457,0.3089041284566144,0.12828439068543915
9082,0,0.7402556849668185,0.2104015059092854,0.17417576419609793
9085,1,0.6677830038525285,0.31661438632500927,0.13121696708217986
9102,2,0.635580125820577,0.2696251822356266,0.16474869175923826
9148,3,0.5514040865457394,0.42920524127093207,0.21402798908273685
9233,2,0.5608764197427402,0.3605030879947413,0.12646298833230377
9239,1,0.6351442749595009,0.32560827128005443,0.1169666629371777
9244,3,0.5774203264988994,0.372707228177645,0.13913866680066564
9246,3,0.5349834814283849,0.4267691905109199,0.282116181844298
9265,2,0.6404949456462378,0.3350677546021532,0.1422116765241226
9266,0,0.7860026708411356,0.24766232523468446,0.2427917652990739
9304,2,0.6372303018225441,0.32400710961944534,0.1221047717737631
9316,2,0.7137834361197646,0.3140225661700482,0.13924057729041994
9323,1,0.5637937642565705,0.34255807088801493,0.1139028096251797
9357,2,0.6257341959744512,0.3305651355500492,0.1928346391201903
9370,1,0.6495497697577446,0.33387610109405563,0.16854432834878227
9375,0,0.6757436135096145,0.3151042908024606,0.12511018293197337
9394,1,0.657782571077483,0.29721761513384926,0.2945713851111879
9396,3,0.4104487140594439,0.5459579518219226,0.16943106403384756
9410,1,0.6349160743214461,0.3104925333388652,0.1071891945548537
9418,3,0.4311355149694139,0.4862965087504687,0.25389441301585997
9434,1,0.6164272523118918,0.33875091872254637,0.1215501150850058
9439,1,0.64773601851689,0.2835716819839562,0.11353495834056414
9445,0,0.3749919261118614,0.4906774187316998,0.15973921043307104
9479,1,0.6986956215058056,0.29735446085304695,0.19319543883675652
9487,3,0.40301199746312566,0.5415605470979539,0.20523912247926684
9499,3,0.4554164553754777,0.4331438431206429,0.11408194261029204
9504,1,0.6645221573098969,0.33778426565690023,0.1475080100073353
9525,1,0.5086954956865738,0.47993989746233157,0.16918601591064883
9526,1,0.6744549845272955,0.33848925774636696,0.35160533543012645
9533,3,0.5819595480022064,0.3858404348026737,0.24922668570007625
9538,3,0.492608312537623,0.4474445960928375,0.13476937156613514
9544,1,0.5266984848671395,0.31924140119642364,0.10087492495508622
9548,2,0.6604321186263248,0.3226188417018956,0.16506872569374642
9560,0,0.5354651950711788,0.27857000402954746,0.08340206186302666
9562,3,0.43020015301005826,0.5286033561497536,0.2606108454543443
9568,1,0.6560084602481879,0.3713913332701424,0.14958597904391133
9569,3,0.5537654349571249,0.5208474165642553,0.36263483695970744
9576,2,0.6633237338574902,0.3160873388769817,0.11688075380219433
9590,1,0.5384638741639834,0.31167567315691114,0.10960906768333488
9597,2,0.5963529889734568,0.3174995501017037,0.1063496681382981
9607,2,0.654723686688536,0.3271731972118449,0.1799746588624467
9615,3,0.5381902145838275,0.4715313520955926,0.17553009632987884
9631,0,0.615114080316474,0.33404542698035933,0.11829387876699488
9639,2,0.6510087524712739,0.320197803117373,0.11669390241335524
9666,0,0.7319558170812837,0.2397192247341059,0.32188376981574024
9698,1,0.6939550335191773,0.2730475070153736,0.12043787777737085
9711,3,0.37840268867960447,0.40488677338308277,0.10088969385635203
9712,2,0.6819204621541677,0.29608716250102907,0.15522950912463174
9718,2,0.6520828594276152,0.33479102699456675,0.1506066835701031
9731,2,0.3907456881542657,0.43475491766273455,0.1393320169479864
9739,2,0.647507497644053,0.3370068429459895,0.12692090204841405
9758,1,0.6726257684097834,0.30577022880463633,0.18384058473965875
9775,2,0.5914843740849187,0.3288655662426452,0.1927374033806589
9777,3,0.43222930002113097,0.5848403026579492,0.24886438167649255
9779,2,0.64395822315152,0.28289721081219144,0.19967638176889416
9792,2,0.7264551827061013,0.2840106564099779,0.4167438415890801
9795,2,0.59458981769675,0.3392451293079657,0.11633600851904374
9798,3,0.41007006783392635,0.5792705329296948,0.25060458419121584
9828,3,0.6115446195584529,0.32439018480864823,0.17805871553887553
9833,1,0.5591855600109947,0.35307106921485176,0.12294407417370784
9843,3,0.447998483970805,0.601051025942506,0.1799027023940022
9856,1,0.6217433333254164,0.3522681475989957,0.12408532305482309
9858,2,0.6532906748516819,0.3262124993168285,0.12952212275265687
9866,1,0.6633006324537339,0.32790801080642273,0.12732162671939415
9869,2,0.6189327938893495,0.3464477745953327,0.1268491866785913
9873,2,0.6145773043105058,0.33778105142444026,0.1260083959932259
9896,1,0.6793529855149985,0.3330216843121123,0.24994126251107748
9899,2,0.5610213270221023,0.34245332791598815,0.19387582176028154
9926,1,0.6647798164116263,0.3374017840996253,0.12267734495619577
9948,1,0.5471094190194227,0.5326246270572462,0.20258977532892672
9970,2,0.6488942085025249,0.295076080707246,0.17568613033543273
9976,1,0.5952572850913209,0.3904259486328663,0.16677712151102192
9982,1,0.6049846897214789,0.31871278194405306,0.1534698672104222
9985,0,0.6640947136522359,0.3374790228899983,0.12938386583133302
9988,3,0.48588972451445295,0.455801274444831,0.3046643375573478
9992,2,0.636089138500457,0.31244622919080267,0.11769356507186618
10002,2,0.657491442635554,0.312146279844273,0.1128890879417708
10003,3,0.6090630695165854,0.27855417587337616,0.09888586341307078
10007,0,0.6315383834488885,0.30451645298479446,0.16323792439745746
10010,1,0.6651690710899518,0.3456446207639654,0.14453253129265364
10020,2,0.6356821902480517,0.3275718186133715,0.1168749013603985
10023,0,0.5668882722352714,0.44744443463602324,0.21613473728105875
10031,3,0.5346567254765325,0.4794917507943831,0.20530014784752676
10046,3,0.5099989775007648,0.5240012442721258,0.17882725030256091
10047,1,0.6730290107964595,0.3251907237057394,0.12602423264810506
10048,1,0.6586693218019352,0.31363290158795354,0.1323033773080004
10052,1,0.528060016562058,0.3450317742340796,0.27508227659557
10100,3,0.3732207612754737,0.605796234501182,0.18894158864373906
10107,2,0.6899939005229941,0.27470571070846284,0.11575893555187124
10119,0,0.4945153733482387,0.529822928057064,0.27091213255334734
10167,1,0.4309495463134327,0.5513147476452078,0.18318238125852243
10169,1,0.6651818551686913,0.31227666779209073,0.13117891214064958
10201,2,0.7021540142292199,0.3143091825934019,0.19592152497974769
10253,1,0.5195438879216557,0.3406505485776944,0.1498305747509087
10258,3,0.4445714903134678,0.5037904505522977,0.15158150892226277
10262,0,0.7163476017462633,0.2996518556909511,0.18237282503497584
10265,3,0.5168812873456307,0.47125528890166635,0.1780449398359467
10269,1,0.6526920884179415,0.34215212804411244,0.14605392591704716
10272,3,0.4943346651757587,0.515525683106703,0.22142201717217147
10284,0,0.7785475040189656,0.2390823710118679,0.21651200381681623
10285,1,0.6509586955969897,0.30598201901418276,0.27697593710031504
10303,3,0.5316294338080976,0.43273633949304025,0.2597368839530387
10327,3,0.6227889228726412,0.3522264924625025,0.2975550656772188
10348,1,0.6612035894243694,0.30957429298392847,0.11756135226002001
10413,2,0.6563201008479786,0.31640162524267945,0.11744812746293666
10420,2,0.6397762491698947,0.36075000640817334,0.15349305199832208
10428,2,0.6792923208180682,0.31326689292224963,0.14581736015605654
10429,0,0.6635700971466306,0.30202099215554545,0.14506877076864513
10432,2,0.6411173045743365,0.3642016766409313,0.13636112292713956
10436,1,0.5831189261004888,0.41793891668862504,0.14427371088919066
10467,2,0.6253021035584261,0.2935164085096501,0.10583824041147537
10473,2,0.6834338314862346,0.32551220941781644,0.12722163728805816
10486,1,0.643196206442065,0.277804827508933,0.1306333949006867
10488,3,0.4660172889173024,0.5093698332690203,0.16019722851515394
10509,3,0.46629627521106304,0.47001946641218617,0.13518251700447634
10516,0,0.6523067218225712,0.32810746908326505,0.12194722398770927
10517,2,0.663899944745842,0.31685164530598475,0.13552325513431052
10523,1,0.5888387630435334,0.3393530590908631,0.18659747613618702
10535,3,0.4674864763591689,0.49993322655917516,0.14550173612799325
10547,1,0.6089803124605805,0.42376170074525155,0.16267069892472094
10549,1,0.6472434936037373,0.31018319084618984,0.26941489118953704
10561,3,0.5012427192198453,0.4170000166703821,0.3103782432518663
10591,2,0.6095850644522668,0.2638432387707782,0.1170873742262694
10622,2,0.6677048668219384,0.33573554754593815,0.1419741701880378
10637,2,0.6332756887608159,0.326935326113276,0.24401860818599616
10639,1,0.6024566723323137,0.3239640409607658,0.14379300820856944
10649,1,0.7626738876949931,0.2648894504291486,0.2156898242170397
10676,0,0.6351895951295762,0.3385348004439882,0.13692110143518862
10689,2,0.6719479364671161,0.3347213211305019,0.1894364295543764
10692,1,0.6651487533469376,0.30163331488050726,0.12173793951639068
10696,3,0.39975652982837584,0.5258998163519928,0.2496268996830368
10721,1,0.689286224990388,0.3337125663655657,0.22454704052209146
10724,2,0.7068502117567987,0.300585461218036,0.1194399412423663
10733,0,0.6684620653252686,0.3110938186704364,0.1349943708013457
10746,1,0.6648996451205399,0.3212285405534715,0.3228685585280909
10759,1,0.654366649011897,0.35350215538562224,0.2236954470544683
10782,2,0.7038988462686959,0.3107046889687528,0.16122342250091728
10785,1,0.6301828717688306,0.3414012586255296,0.13656448947105213
10788,1,0.5229434303869671,0.4225401560592673,0.25121568382896614
10829,0,0.6525223873575735,0.29488688944967023,0.10798552256325464
10834,1,0.5869024241565095,0.42427542638918747,0.14746576821646026
10862,0,0.6298435555664573,0.32811427670763116,0.14469357229214241
10876,2,0.6328504787983407,0.3490185380916949,0.13956254012150612
10882,2,0.6767095741404369,0.31813289892525987,0.12053294873551232
10883,1,0.6592657485193943,0.3493575797046562,0.1542165589493406
10903,1,0.6397754133535084,0.3057980012487571,0.11649483783937886
10908,3,0.5430594377594562,0.45632159375853976,0.21319889028078948
10913,1,0.6427073666773223,0.3238754155809652,0.16931840342282856
10916,3,0.4079796440156924,0.5633431497916297,0.24142121202479064
10922,3,0.528545386624876,0.47986496617637486,0.3265874215747709
10928,1,0.5982105846393713,0.4085129901306148,0.17260512285926047
10930,2,0.6026133127272542,0.3529676554002268,0.14419860325191364
10955,0,0.5365546004185723,0.3435086632840021,0.11082568542724887
10991,0,0.7762001469769195,0.21601119564252835,0.2108754775860121
11002,0,0.44985094016395594,0.4503918393117592,0.23461036347516817
11010,2,0.6680102895773508,0.31149698658274605,0.13163702105842987
11020,2,0.637784316379097,0.33150764691223167,0.20729577470733201
11023,3,0.5041869068696835,0.3539352176224919,0.1021831082898526
11031,0,0.6099712214426208,0.28968178754273477,0.19322006397395033
11051,3,0.694216903874524,0.2964040907031057,0.13867187988392718
11059,3,0.40176941757433526,0.5554283690708636,0.2523089857124909
11062,1,0.6037683653133225,0.3346619874985999,0.1379683291015674
11068,1,0.5142275145906715,0.3171195263681017,0.09863790687497448
11069,1,0.6436952691775366,0.3447598788602467,0.14014065254067232
11071,3,0.39079213784079386,0.48372086232865386,0.22680873206870367
11076,3,0.4805803642263564,0.4162021599977116,0.22310806379540205
11100,1,0.6233057879093868,0.32698005975509514,0.1322024421532284
11107,2,0.6724052174029195,0.32167597349825083,0.1264449953860767
11115,0,0.7214929447507388,0.3078408372562921,0.12401916280464892
11123,2,0.6431412633480128,0.30584067385135616,0.11327971996620428
11124,3,0.593944298848839,0.42408204444560693,0.15224159936125872
11129,1,0.5034511926867332,0.44958511110021515,0.1548575052024393
11136,1,0.6556597269717798,0.31044051233297554,0.1484515602059381
11146,3,0.4833728005984681,0.5049352949555537,0.1561976510971394
11149,3,0.5437540529812445,0.44709663897726404,0.19371583608885318
11166,1,0.5871137204273491,0.38110823098865865,0.3044514034181676
11175,3,0.49935213497418107,0.5487677588096646,0.18626435129999738
11186,2,0.5409570817527147,0.3235412888106577,0.10367853366720145
11188,2,0.6466967586665842,0.3366662341028891,0.12707622897885393
11198,1,0.7236489232450114,0.26498090261671803,0.12791897291525922
11204,3,0.49176160650159817,0.4007943212841405,0.22523098432880478
11207,1,0.5029204236860885,0.4048782034967495,0.1449057370752597
11214,3,0.45159220689259555,0.5455980664028235,0.2862224642375804
11218,1,0.5386270755705764,0.490445151773226,0.20438844369974873
11234,1,0.6128515392863024,0.30133646554344107,0.22625066286637613
11239,2,0.6598028473765479,0.34377597053510356,0.314607463040843
11242,2,0.679465555338004,0.3656500352884251,0.18340180513602403
11246,3,0.5774706547223192,0.32528232966252435,0.11764808755512302
11247,3,0.5481189038465655,0.41641585785308954,0.1371547508931128
11265,2,0.6729940167385048,0.30721060665849986,0.16555231470225354
11266,1,0.4750232516402885,0.4571181794799847,0.13515957285911312
11267,0,0.7810305424936892,0.22745159150121474,0.17173003513593504
11274,0,0.47358677882574307,0.2507771023895019,0.10502626068302523
11276,2,0.6750252684626418,0.3358456772808215,0.23071250059761791
11290,2,0.4642486640254549,0.4454926264958744,0.15717535902316826
11312,2,0.6288922570222402,0.3281413107725959,0.13049828357137455
11315,1,0.6389830170361102,0.3246126585047113,0.196513434873277
11334,2,0.6516009469113531,0.3507822944896536,0.15801029292623253
11338,0,0.7127682355532448,0.26950087428239944,0.10869196236908434
11346,2,0.6702881632202932,0.33578037258697657,0.16473833065393162
11348,2,0.6537651951935102,0.31263220048793117,0.12769866480691225
11356,3,0.3412895963676655,0.33883551554276803,0.06473353317277285
11371,1,0.4531206031435589,0.45070839688523856,0.12970645312113935
11384,1,0.6303082331039129,0.38092333509098186,0.25101236526419274
11390,3,0.4679728032301388,0.4986691570153988,0.1436360231573469
11393,1,0.5932618909407267,0.29243236265616346,0.09410870288439215
11407,2,0.58043528369674,0.3258583466237548,0.14069376870937852
11413,0,0.5453204212241505,0.39511659806902133,0.14432072552594613
11439,1,0.6115508012234093,0.337904169859086,0.11858978749320213
11468,1,0.6286617107173629,0.3825674857271697,0.14899319502394476
11475,2,0.6722509604608161,0.3173472672012938,0.11624866512291296
11481,1,0.6020091957821151,0.3465375133222315,0.18651785797311535
11482,1,0.725861885470011,0.28284937323335246,0.12443158835598381
11488,0,0.4574054056512073,0.4244317319358256,0.2383815627052735
11498,0,0.66715757922691,0.31299164854761863,0.1527208724641155
11501,3,0.46788861471533455,0.5718401473738086,0.2328178386267912
11511,2,0.675767408631151,0.29543526362917294,0.11457897428328762
11520,1,0.5890725953941433,0.4665226209286276,0.18308411359978413
11545,1,0.6232810159780775,0.31469209333043535,0.12176235269383437
11557,2,0.6070309466002013,0.3288036184666885,0.11829811024226398
11560,1,0.6829495306077941,0.29326860805067456,0.11881047555328111
11563,2,0.6838420790126463,0.3401434145182005,0.33078164979996694
11565,1,0.5807848738016298,0.30859350289384213,0.11140576114778716
11573,2,0.6960043175431699,0.31527285342439815,0.14672497659658684
11601,1,0.6436225622816055,0.33397926002147504,0.12733238707812713
11614,1,0.631486348758928,0.3868618545586753,0.14351226567811723
11615,1,0.7047659707404675,0.30524336830488297,0.12803282138762098
11618,0,0.7864850156274924,0.2270283831604054,0.2124828791705679
11625,2,0.639265606977179,0.3194529932529522,0.1414165395630486
11632,2,0.5212586962931546,0.43027418306483933,0.23089390337365612
11635,1,0.6453630979822035,0.307617399537752,0.23663400357698677
11660,3,0.6147701672431408,0.4207033451905552,0.16775867313423645
11664,3,0.49763794694366176,0.4980911700470413,0.16990796526008425
11665,1,0.5559707639891174,0.27983081051021286,0.10709463214430713
11667,0,0.7187818301989645,0.2247409045341151,0.3257083699387795
11669,3,0.5525470348965079,0.45198918066471017,0.15561724134316415
11689,3,0.5532255998952286,0.4452086459271868,0.14912276370074876
11698,3,0.5239699627442876,0.46634063949502325,0.19139624632086696
11706,1,0.6481637401399172,0.3050756055948498,0.3001290121880333
11710,3,0.2915461691243888,0.437792390338997,0.15762758087033688
11718,2,0.7255959432736329,0.2873823120709865,0.12952369124890092
11728,2,0.6502096051366413,0.3365518288204713,0.12850489331120005
11754,2,0.6163603462770071,0.32140143103161056,0.1479144007128147
11762,2,0.629915264059409,0.356181899037031,0.28607547915939147
11763,3,0.4944677054185357,0.47835080245896555,0.2019456966803954
11778,1,0.47730562269393145,0.32085290816663736,0.0868827943569327
11794,1,0.5898381513301132,0.3093067480006969,0.10829993981360686
11805,2,0.6859632779668585,0.3369248897761963,0.13693868663396117
11815,1,0.6943702921533068,0.31568682557440897,0.1468490265118411
11827,1,0.6340046355105198,0.4012947272567787,0.18088139678728243
11836,0,0.6518462895942289,0.34890861072821056,0.13329534912876242
11843,2,0.6629601087220018,0.3310212484482855,0.1701095848554117
11852,3,0.4994513731339069,0.536674641947817,0.18590884174292754
11869,2,0.6935159584290739,0.31682635848447394,0.1572490760119579
11880,0,0.7265097364394915,0.3060777297167345,0.1282956853669231
11901,0,0.5369233279477779,0.45323062133883096,0.28075432652122395
11907,2,0.6477721295810689,0.3377155833270069,0.1300516860040083
11917,1,0.7171299308038358,0.2905039214468569,0.18404613326801983
11940,2,0.4788663505181066,0.3808700585461763,0.23907262146043665
11943,2,0.6571134702208963,0.31576222791985753,0.1681516243928896
11971,1,0.699108379994647,0.28187191980479653,0.13807575838485436
11975,1,0.6072600046850148,0.30316488714250345,0.11201760411749498
11994,0,0.539568617224575,0.4462222540322568,0.17732204719093733
12005,2,0.6306843938076916,0.338271924932535,0.21913602583589956
12013,1,0.6523435963137947,0.3295605782024269,0.1443329193627963
12014,3,0.5071976009261623,0.45879959966485084,0.15833532138004813
12048,1,0.6182244419824231,0.3436093391992724,0.11962343842575446
12054,0,0.6938848581860605,0.2999213737738493,0.13962957112172156
12055,2,0.683260032262025,0.3521739650847434,0.16308353536967315
12059,1,0.5700741909536896,0.38454288932112923,0.13360382585508074
12072,1,0.6207501658112697,0.42211056587911044,0.28793435818846125
12085,1,0.6261716593158769,0.37080097058363726,0.14988329119617325
12098,2,0.6804701309550949,0.33847713751030717,0.14201869058289326
12109,1,0.6841242154490119,0.3057227751476608,0.12407717046573642
12113,2,0.6247075087226458,0.33563960288089445,0.16929582482926006
12123,3,0.4652434690574905,0.5320068774135225,0.1971887436120578
12135,1,0.7250080618488198,0.31332510008811143,0.31438084366180363
12145,1,0.6277026642466583,0.3230966191582064,0.13026672440518064
12168,1,0.5984695501251288,0.42231867635395615,0.1710226547058716
12180,1,0.5247920003955691,0.33504069978145445,0.14988268900488497
12208,2,0.6700865283531813,0.3389839120014221,0.15586441976066762
12215,1,0.6970070050108138,0.32463632361142847,0.1511548591393886
12227,1,0.505620942575086,0.3641138002615185,0.23903385143312175
12243,1,0.6635115400177028,0.35515318032354337,0.14569616188519302
12244,2,0.5780930422415989,0.3277804006454015,0.1419028660350321
12269,2,0.6776957261914272,0.2975324159876531,0.11386706732436733
12286,1,0.6067592270219424,0.3287808313104149,0.11952222219795501
12290,2,0.6596964640439493,0.317004653187851,0.1162966603890113
12312,3,0.4551383712317174,0.4731969872385663,0.17066100961471076
12318,2,0.7233181725753572,0.31060305607483163,0.15130597343903113
12326,3,0.36018554068196906,0.5801693684609457,0.199255454960774
12334,1,0.6089989680791382,0.3267892001856063,0.13660452003680068
12335,3,0.510695461367595,0.30028544682508695,0.08891060986543112
12336,2,0.4069377767880421,0.4581548892045184,0.181988890222983
12338,2,0.6742015940625635,0.3124650702968286,0.14019519923606713
12346,3,0.5765265317433033,0.4731539981396282,0.28660005223506163
12348,3,0.36938598822008756,0.4224405878730312,0.09590627815346704
12355,1,0.6356539323808617,0.37898577061908956,0.13479853425585883
12356,2,0.6556061709833714,0.334043669344556,0.18406614130419097
12373,0,0.6545082768636161,0.35921807247904436,0.15971534361673123
12393,1,0.6215795937540582,0.33508153739792845,0.34469443026033086
12395,2,0.6749289099869274,0.33187521982523205,0.12566712776541325
12402,0,0.5725599575891606,0.3914177765183714,0.2563475968699136
12421,0,0.7334719349457988,0.2520936128465434,0.407682363989865
12422,1,0.6751380415535244,0.32628419375392304,0.1250567360834989
12428,3,0.2830614705767409,0.5210925617741131,0.18177968434605946
12429,3,0.4989658900338771,0.44952444629223376,0.2447505301407184
12453,2,0.5939099366792249,0.43335078531188953,0.15096250517052187
12456,3,0.44213763935867245,0.3285152314669296,0.12694433988082285
12460,3,0.38692678350477727,0.49385227608539606,0.15120186504955066
12461,3,0.5054051252193265,0.5733139729799315,0.21405455251667932
12465,2,0.6332598939702184,0.3494306664120683,0.1834353669253624
12471,2,0.7005875969590475,0.2992200765529246,0.15588696968430224
12476,0,0.5161024637730998,0.45199539388142496,0.16349469177205786
12484,1,0.5172470822967276,0.5006564517361944,0.2004482377263242
12486,3,0.37816070975889543,0.39559988495101206,0.25426146441791503
12500,2,0.6918518144689547,0.3202478359526849,0.12404664826281507
12514,1,0.5092661412361577,0.3234005822035133,0.09160939650499117
12522,3,0.4028810728144196,0.5035856228902332,0.1701409075046072
12532,0,0.5582247205291198,0.23773333564592758,0.17449651666685456
12533,0,0.6002280543579744,0.38271054945042415,0.16352596640838885
12557,2,0.5535328015808841,0.4555651432379475,0.1764270906899054
12558,0,0.4208056680398311,0.4315285212212938,0.17503834158477477
12564,1,0.5657911156314362,0.45199547849547717,0.16863600725737865
12569,3,0.46108084853727643,0.5356659630019123,0.21849608618996955
12588,1,0.5022942153206412,0.4992722873974065,0.16218874115237067
12590,0,0.743794954451265,0.256225105370383,0.4391853484837274
12601,0,0.633866971590111,0.3554421279657335,0.1396853821636813
12611,1,0.6453828461470493,0.335775223880464,0.12732880894045642
12626,3,0.580228298131453,0.48063216312727863,0.18308868407755463
12630,1,0.5623574981045485,0.3214102774322509,0.11384689946613373
12636,0,0.6769370671557772,0.33027224126663823,0.13853941517868754
12648,3,0.5621609018628642,0.3209586884232246,0.10525319477715397
12650,1,0.7412751073480549,0.28467399435143126,0.12992631895603857
12663,1,0.5455967727696991,0.31042270627480995,0.10339348894766152
12674,3,0.3802177918751581,0.5789675239133123,0.1813639569434345
12677,1,0.6517758627496307,0.307506627790022,0.11768394245537774
12684,1,0.6342682202754552,0.3859632078437836,0.15590418249192625
12690,2,0.6134635408710758,0.340125789640747,0.11692612904537056
12691,2,0.6412254873820878,0.34460676784154,0.1298981191959498
12693,1,0.6207613223251938,0.3148434037646589,0.10711008458963828
12704,1,0.5728864416643703,0.3033402070661808,0.10560101400537197
12705,0,0.717113057236975,0.23509779399483932,0.12110725968989519
12714,1,0.6649262225701733,0.3063381852436571,0.1147952827445484
12732,3,0.5065606281029341,0.47226763558938634,0.27304797376384893
12735,1,0.6884208959009993,0.3429122657968091,0.15447550038482613
12747,2,0.6820536260653907,0.32006596192311065,0.13866480434292763
12751,2,0.44614076544334946,0.5133052428207465,0.15316685072977085
12755,3,0.5170744398053484,0.38285424411826074,0.3033766692952862
12761,1,0.7409049544442278,0.2700163375533735,0.1229772157256702
12764,3,0.5824349497631365,0.23576284140169113,0.27371516375809124
12773,1,0.70343944205905,0.3047931944167922,0.1442879075944675
12776,0,0.44316780479190165,0.5953596412179144,0.23308344525144623
12785,2,0.5933078556701435,0.3277209686956646,0.11217391134259369
12787,1,0.6683145527060839,0.3132872634698598,0.12026043404131229
12795,1,0.710770147444925,0.30617785263717023,0.32526956672447854
12800,0,0.6397131579424847,0.32080227192459554,0.25540058103123237
12802,1,0.6329361605013198,0.31834815953292805,0.11219702593231326
12803,0,0.6460876309603821,0.2519956520489437,0.10448394418084217
12816,3,0.46561782935287976,0.4402158063528626,0.2876920218749371
12817,1,0.6007940398102487,0.4063102921499805,0.15906374581821392
12835,3,0.5592776443883669,0.46805021751278586,0.16034731406924013
12857,1,0.5286129066622876,0.4542328055657089,0.15632225754218138
12865,0,0.6505573033998141,0.2858605064671179,0.12312492457168973
12870,2,0.6209565993795709,0.33642865988136417,0.23229482647884048
12875,3,0.47885255565911367,0.41811384956088127,0.12026665687901096
12887,1,0.6310880700551031,0.3277034962019293,0.3905329612436833
12895,1,0.4719810066484321,0.551434283846993,0.23158998574395565
12912,1,0.5728924893103626,0.3970403760634701,0.14514336874609896
12918,1,0.6332910022815638,0.29953761877671903,0.12464700223366744
12940,1,0.6933596325952341,0.28037083708445054,0.154689644940749
12956,1,0.6270087995533361,0.3190654811698298,0.15754390166136895
12982,3,0.28308016082496057,0.6057951169936666,0.17288778463613222
12996,1,0.4709322320900552,0.49676183637556404,0.17029716712264475
13001,3,0.5691794835306594,0.5012489559064197,0.20187333386122855
13007,3,0.7699043329858967,0.29135523072240377,0.2855342527587201
13008,3,0.3860596715162905,0.5566118713227314,0.2247422040733637
13052,1,0.6823321568194792,0.37129894400731134,0.33312619817258293
13055,3,0.5963370772602739,0.3355436304789722,0.1788900071576912
13057,2,0.660064740901776,0.29624168022536657,0.13331882170198342
13066,0,0.7088132999880691,0.2897220192025407,0.16386745096926247
13089,1,0.7245854883338311,0.2960412044519677,0.1216462184288578
13135,0,0.6817289287621773,0.3084024354731223,0.12221940316320305
13152,1,0.6308248386676885,0.32157337745599646,0.11925496408320466
13154,1,0.6409902953095936,0.37015680213817004,0.1680289859617246
13159,0,0.642078106982985,0.2577648609338047,0.2867968180748438
13172,1,0.548956981476412,0.34084836063228285,0.10421261397165892
13177,0,0.4440389866476863,0.4448368057027676,0.26942814080117966
13190,3,0.33865253159188935,0.48778612762346274,0.10374561909924619
13193,2,0.6589882039282219,0.32640736646260415,0.11742166182525417
13194,2,0.6634464648481921,0.36900081796774054,0.1380169780655843
13198,1,0.5316499096498417,0.45573196163253027,0.1468933508206208
13204,1,0.6186456915747031,0.3482283726099825,0.1666717841733413
13211,1,0.6965929153336943,0.29196151370684176,0.13006460552899243
13275,3,0.4374123621024252,0.5022307935152883,0.24539595668418374
13280,2,0.6294506181344502,0.32893626442943447,0.12268478764469724
13291,2,0.6542992493704027,0.3170960660095623,0.11830812212432439
13299,1,0.6849999954609995,0.33798898946613476,0.130763948622914
13329,3,0.5215233213035005,0.35589304020953005,0.20187146895399902
13332,1,0.681993045488928,0.33690082850025493,0.12981418503030703
13342,2,0.7080529293350214,0.3327576471090524,0.1417725967733439
13354,2,0.6398889950658895,0.36800270656726675,0.1592886556231039
13359,1,0.7320419173096516,0.3064827086648635,0.12122147893350275
13360,3,0.4358623932735758,0.5810438294693192,0.1763340414384822
13379,1,0.5334361165861635,0.5025225408641912,0.20260151121094935
13397,1,0.6651679578566394,0.32843350118125825,0.15220723108059944
13404,1,0.45839722850827125,0.30047255590080135,0.0825947823386206
13419,3,0.49211290263808266,0.49361514896539416,0.1894320290521878
13424,1,0.6378659139586782,0.31591646943257445,0.13930995751399755
13425,1,0.6345630097734714,0.3213896682266847,0.28236723573680983
13435,1,0.5383176582129527,0.46649535245200857,0.1595034956145909
13437,2,0.6547301032584126,0.3610247663763315,0.1552468744626912
13438,3,0.5688537297467503,0.4768334451615964,0.17482404361375792
13468,0,0.4914848103688764,0.4007200171823473,0.23510728213361237
13476,1,0.5646996047400862,0.3345233656106057,0.2572339152072346
13514,3,0.5932734250111246,0.3865215302228494,0.16321319837161874
13536,3,0.43569696959411625,0.5582219714118198,0.24787858040258126
13538,2,0.6236369523611403,0.30828793603709226,0.10968857045270056
13549,2,0.6729071146328603,0.32076866527544146,0.1277702203831916
13587,2,0.6357465340530405,0.3317714117476396,0.21517513857493234
13594,1,0.6835371043970307,0.3379175614027481,0.15218350039782874
13600,0,0.7727844590303605,0.27441096114430097,0.1760583919025727
13604,2,0.6984006642990622,0.342746841458479,0.1469128223287653
13608,3,0.4795296341105627,0.5513175277412474,0.232913512880715
13619,1,0.7313401531495742,0.2946727498716122,0.17518422892811314
13622,0,0.6646239950501245,0.2976198688183298,0.320145556183072
13628,0,0.7051986494854068,0.2738653048637313,0.14097175781437443
13656,3,0.4529282471532303,0.4555057445676205,0.13935096605520073
13658,3,0.46095800922130353,0.548758425732808,0.2065240570188936
13675,3,0.5790366713730858,0.3748683957895541,0.3119029244442166
13681,3,0.6000499222100972,0.31886541026637427,0.1270585897623161
13687,2,0.6673152635719823,0.335613254683477,0.20277061723304207
13715,1,0.603856365276565,0.40453327487874735,0.13829032646260944
13722,0,0.6413175361307276,0.2998148089518369,0.11520009333209474
13737,3,0.41558639464643377,0.5423868122315734,0.2048338768500808
13739,3,0.4744068094838849,0.4761649986829407,0.21228421042347853
13761,2,0.6327082664529831,0.3082339982954969,0.11316919628747896
13762,3,0.44696431923234936,0.5442422869969783,0.2721781203323124
13779,0,0.7185458374986138,0.25755304315148153,0.22188892755380382
13801,2,0.585691412705303,0.45190248643423414,0.21137724722399395
13824,3,0.5283930369914007,0.29776884684113847,0.21944819205616325
13831,1,0.5411785990687792,0.41096989268890693,0.23448434153478978
13840,3,0.4169439399119691,0.4476868206969429,0.1723776493339504
13844,2,0.5941555363042853,0.33908201197924337,0.13480252485800304
13847,1,0.6469847431058916,0.2735167514565424,0.11952530447574784
13864,3,0.40900510639751897,0.5790613066330793,0.1761273682976168
13870,1,0.6455455348341052,0.3247081311647503,0.31823092278713055
13871,1,0.6156960024999765,0.32800440184026913,0.14903568742739745
13886,3,0.39067144977085466,0.6164884614112158,0.20456450430165815
13894,3,0.5265739378184887,0.45711518245070104,0.15793599109071058
13897,2,0.6568557327285219,0.3416298882361515,0.12493190325270899
13935,1,0.7087267112374684,0.3173149021773536,0.2863551871947383
13955,3,0.5379878478648832,0.34216205826168045,0.13326474567208396
13962,0,0.5884935961588951,0.4370125653423025,0.24135135704455687
13970,2,0.6962073858093814,0.300111309987529,0.13124084912958356
13976,0,0.5609715847867198,0.4441719461410508,0.21214907766686739
13977,1,0.6139595232756979,0.30213963403820665,0.24238535924375557
13984,3,0.6920554289846512,0.2888134641833362,0.18216298720908453
13987,2,0.6442384512941475,0.3338357558961459,0.14587276647042166
13988,1,0.6495269332671721,0.3423502156549283,0.14995820926558712
13996,0,0.696082693084095,0.25352354176359104,0.11042099083764753
14003,1,0.711014379819722,0.3484841580120286,0.15936752882010574
14009,3,0.4210477511924191,0.5697262914340762,0.183290315913245
14013,1,0.6724893402330735,0.31963001615518516,0.12638707295206553
14031,0,0.7694785194997326,0.2871211211914888,0.17706869279660312
14036,3,0.3287901752969957,0.3826161758640192,0.15374822733444404
14046,1,0.5317508860577937,0.42746361697921054,0.15311330702429626
14058,0,0.6619660790183746,0.27269601433321355,0.11086373814364904
14061,3,0.39908976608448393,0.5714171958481039,0.16293390149669731
14090,1,0.721087632698358,0.31336570979754785,0.13753632349664532
14091,2,0.6969994188982803,0.31382858080301335,0.1329430092113016
14097,2,0.6531425612394396,0.3362637072915151,0.1381331639704209
14102,2,0.5917338153704792,0.36781580527543545,0.2053806864352503
14107,3,0.3880306834132404,0.5260440663820147,0.17849077766874202
14109,2,0.6456865529405778,0.3132231973335844,0.39278277326534955
14111,1,0.5835306124141242,0.33178077634967107,0.20939889238874204
14116,0,0.45676747643946886,0.36415037738549216,0.13369592573585232
14121,2,0.689773611712619,0.3200242184261508,0.13083479238629475
14151,1,0.5661820849479214,0.3344055006914336,0.1639711349064887
14156,1,0.5802980371279475,0.4639776714968209,0.3787499947413928
14163,3,0.43143817033005116,0.4964758942780265,0.28946044229026335
14166,3,0.6090975967207942,0.27410992782206156,0.17803588257614186
14167,1,0.7044106665756532,0.33356553038631354,0.20781031386017965
14196,2,0.5637619740173151,0.4710185040713496,0.16551693249600188
14198,1,0.6575902372047601,0.3364127729849731,0.13391626822445776
14204,1,0.6625737092887614,0.3189624188049719,0.12468066109640608
14230,2,0.540006818181552,0.438191384188106,0.2152226600280634
14240,1,0.6132684518550089,0.34739739211794785,0.13046838238106465
14250,3,0.4561550571060258,0.4409457953927971,0.13303698250844095
14274,1,0.6935776158108801,0.3252721054601616,0.31113578821214427
14298,2,0.6524143243489213,0.33236736026029534,0.1309141935899138
14300,2,0.6951243142915298,0.3182033885250358,0.12475054053556087
14325,3,0.3674213962588903,0.5682809503917503,0.20301607122427334
14330,1,0.6137448102405977,0.38781611961428286,0.1743831988428208
14332,2,0.6682477195765689,0.31590299973303515,0.36941304560345173
14337,2,0.6708993207242702,0.32750181136025314,0.1315222455635219
14350,1,0.5003289942445941,0.4280602817874747,0.12266841266979722
14351,1,0.6558940756259931,0.32276367657435767,0.1246656683746429
14359,2,0.6671616778580916,0.32326319838855,0.13452729372030492
14367,2,0.5858475111359318,0.3346111691409902,0.14629167817995883
14374,0,0.6046698196005154,0.29258449636285033,0.0971056653756343
14389,3,0.37212066608933425,0.49081368586501173,0.14594847057906532
14402,3,0.5038984208678398,0.5060990714363157,0.17992531704793926
14439,1,0.4824647571277975,0.4932204273965791,0.15754439133083548
14444,0,0.6229450189731013,0.3990521999695418,0.35434606601641744
14446,1,0.695725769185802,0.291985070259281,0.15541310305999798
14447,2,0.6401950233832168,0.3487421461849842,0.28999692678969197
14457,3,0.45267546729145075,0.4779687932110771,0.24464608507143176
14470,1,0.6129024562472016,0.3731043462931961,0.1359023112862907
14506,3,0.4073809269351735,0.5982974883271114,0.18137549574446227
14512,1,0.6646175174718285,0.2761180591787765,0.11507286152818715
14514,0,0.548658313020206,0.15238770372217436,0.4315234913988794
14516,1,0.6845884695469174,0.31142168860956876,0.14882550190792854
14530,0,0.679210585601837,0.2846145811831544,0.11343969895302805
14550,0,0.6641436295144486,0.29443210652751517,0.1295359249550158
14558,2,0.660531234452154,0.3231281092139917,0.19026607778952642
14589,2,0.601321085365508,0.3308714125365926,0.11327361564554778
14592,1,0.5371916509231788,0.342547008635139,0.1274607660822468
14603,2,0.6351217253494648,0.34110152471675825,0.15153403582938785
14606,1,0.6702906219941992,0.32142502618668656,0.21010077066644053
14610,3,0.4618147102364268,0.2917754729633666,0.0751306952007663
14618,1,0.46034784093000697,0.29247660806343256,0.2335018953705631
14624,1,0.6867596511071624,0.3133148189641495,0.15061267825427405
14625,3,0.5389037275104941,0.3698316843903233,0.1223168914060268
14635,3,0.7596475600767085,0.24462912881025634,0.2612386208124628
14642,1,0.6578027857987889,0.324553831919665,0.13843406985568943
14649,3,0.4441749009162788,0.3297371322697975,0.09126255327996859
14671,0,0.7031367862797329,0.3321540209732693,0.14477324883647485
14673,1,0.6615550195440294,0.3124260915060788,0.11947455409280391
14693,1,0.6569115903564807,0.33643032729421185,0.12163903475090464
14716,1,0.5939098953131124,0.3356239035669455,0.12142736918677016
14727,2,0.5110827669370493,0.39436615973515565,0.14766463426097204
14731,1,0.7022738888725871,0.2982147046881821,0.14914563643344736
14742,3,0.28510786891737755,0.5473148130888327,0.17265999360012826
14755,3,0.5742886896578133,0.442068313057125,0.15217736503641852
14791,3,0.5507161408351438,0.3517487739155808,0.13044750242998202
14792,2,0.6516693278486496,0.3389401288539804,0.14329327105877793
14796,1,0.5751285749889098,0.32192624400671166,0.18179832324424344
14798,1,0.6532539865576449,0.31519279457508376,0.119250562217333
14803,3,0.47894150827494997,0.5065059298776116,0.23316139191378069
14805,2,0.6555702906235601,0.31511206335712405,0.1131967990361333
14807,2,0.6246904856571409,0.3272559584490161,0.13426961958374234
14810,2,0.4363797346646104,0.3000508802829911,0.20563062780459143
14816,2,0.6603387201853386,0.3239350762572125,0.12035862545815723
14818,1,0.66458321419399,0.31321798894442254,0.12015457057009063
14822,3,0.4435825323528696,0.5569101321355754,0.17530110259254592
14829,3,0.5145670569633849,0.4878888283211341,0.1784725422486692
14835,3,0.46248550962121593,0.3629453227629831,0.14886673648696988
14855,1,0.6381129879231583,0.34507282848095233,0.13077282058497516
14864,1,0.6088784803151075,0.2842263034451372,0.11352885149710144
14885,2,0.6298930185389631,0.32223812610616964,0.36226343790077703
14895,3,0.6061044482498523,0.4188339271973549,0.15453684117803196
14902,3,0.5141651663171897,0.5200856078117212,0.19219452636666062
14925,1,0.5115614501111535,0.5099922160470125,0.18362964069266485
14962,2,0.6503213717948886,0.3187330676320962,0.17860688911731185
14964,2,0.5969723051988428,0.44119512889991985,0.20938769958205095
14972,1,0.7055715805406801,0.30735568944004965,0.1347856943114869
14994,2,0.653155026951697,0.33665500662794734,0.30180420401900415
14997,1,0.4768743641181285,0.4289133817070889,0.25990203761157116
15032,3,0.5274305117620649,0.47230787021535825,0.24599219213140552
15037,2,0.6402506157581558,0.3487733562563404,0.16236581172726514
15040,0,0.6922784347505031,0.27154111094206834,0.23562802431561053
15042,1,0.6347625757563742,0.336999624317216,0.16302967594027434
15056,1,0.4710744348441941,0.43332400110633895,0.20617078369267
15063,1,0.5344117599588293,0.32669915587718623,0.1042086242675539
15097,1,0.7051544507616581,0.35275639296909267,0.16397465417823065
15105,3,0.6188514341724671,0.4502940574349398,0.19081616870184848
15112,2,0.6864408150556651,0.3020868605149841,0.13297139233975516
15133,3,0.42292101074206145,0.45263975462780637,0.2262053323726428
15142,1,0.6035827180516729,0.26951856717819556,0.2759777594540755
15182,1,0.49456809067083474,0.5133588977652447,0.30886654805220876
15197,1,0.6317621282897896,0.3379814432547369,0.11873367852737308
15206,1,0.5408960063111681,0.3965781584725717,0.19147413637080335
15217,0,0.5449520625843404,0.3573635067159745,0.10837716347767039
15219,2,0.7236501266466212,0.3103510195839274,0.13283613199006283
15224,3,0.3754720850742524,0.44698480779719096,0.12007462922186729
15234,3,0.7191442308636835,0.3564877836709863,0.21551598450891887
15246,3,0.5771128364255278,0.4743260680911515,0.16629658320086857
15260,3,0.4890117219290238,0.49550836397258613,0.26125317728010494
15294,3,0.5085812611450894,0.510199303397189,0.2132593904745786
15298,3,0.4352691070665102,0.5629168420217869,0.25963556738834714
15309,2,0.5796337703086841,0.3143884641776863,0.11074418090839505
15312,1,0.6267146056181667,0.33931261441214355,0.12865942627287646
15324,2,0.6417289888759995,0.3455005554889754,0.16520961127621656
15334,3,0.4659135193601501,0.41237023225738767,0.12797578588689262
15360,3,0.43907990505528915,0.5327275973798324,0.16452125190943387
15363,2,0.6882285925984468,0.3166910158479721,0.14230503453436286
15384,1,0.6853348097750219,0.3017550306107717,0.12516292472197665
15402,0,0.5210576844570347,0.2998721100776316,0.16308242538095377
15432,1,0.7097504587895169,0.28808127714182874,0.11298044502197105
15443,2,0.6588667953903209,0.326652392462658,0.13975327444186822
15446,0,0.5439680805763686,0.51220216908313,0.1840541120318339
15456,1,0.7429260943826272,0.2963322537041755,0.13789511849149547
15460,3,0.43331927694374156,0.45532101106951883,0.16814673859795945
15461,1,0.46305944606482174,0.33055481100031514,0.10975291169474194
15466,0,0.7757322481077811,0.2351020370014486,0.16479432748798872
15470,3,0.6494254086069684,0.43428908565653357,0.1764012564523997
15471,2,0.6740802791282626,0.3009387420574626,0.11833638055879257
15474,2,0.6593913082021712,0.3244419885292724,0.1182186056281852
15488,2,0.7049751408280723,0.2975298272469983,0.15293149438264722
15497,2,0.6283260350023837,0.3119687157215316,0.1278099229136818
15508,0,0.6858557848686531,0.35929501653146234,0.16859826734711408
15526,3,0.5239360009782555,0.4865112969902352,0.288877059378023
15544,1,0.5873552005060403,0.44605297138302435,0.2948535655426689
15555,2,0.7485566518970481,0.3021991211881375,0.29576775816662365
15562,2,0.6459300476326387,0.3222694473559692,0.13185842737196082
15567,3,0.30457267756042256,0.48141671164913113,0.1828651080835855
15584,1,0.6329464092093975,0.30699306507109325,0.1283907212084416
15588,1,0.6444012230480853,0.29764923435400736,0.2598381534899095
15601,1,0.643969848720805,0.34626851976637807,0.14046482376512762
15616,0,0.6684377782131746,0.2889334662882189,0.15273625119426154
15632,3,0.47567982997638425,0.4338957702887024,0.1640468714606499
15642,2,0.6435535073198724,0.3258248461542421,0.33113459699055536
15650,2,0.6850392176908824,0.3255803871007946,0.1245412294236901
15656,2,0.6352974174090377,0.3253618820704365,0.1306698884892295
15666,1,0.6258933459641107,0.3541618905230416,0.13145049899335362
15669,0,0.6981491814055103,0.2976790233053136,0.14545700147951837
15677,2,0.48962468312589624,0.3393018199621114,0.12859116093629613
15681,1,0.43283687432399004,0.34032197940625364,0.08220253382182942
15711,0,0.645327462656679,0.33776548213619073,0.1460269393742399
15723,3,0.6551986962858934,0.2991344194640475,0.2606990753974214
15729,3,0.5555750568599238,0.4391187865127305,0.24750780173395728
15730,0,0.5407336856140007,0.4429341981523963,0.14114221701187146
15743,3,0.4188194372468396,0.46615359782023047,0.14266070118164773
15746,0,0.6371044970605741,0.2857308509239467,0.14570075071277963
15748,2,0.6252763046211737,0.29704308495735743,0.14272066197543554
15761,1,0.5966026432208634,0.35712333864364754,0.12157281958254851
15768,3,0.5373881346188144,0.3949871066185815,0.1280593352919668
15783,1,0.602020542968095,0.39598337281485674,0.14486788251723812
15785,2,0.6845035844215017,0.32466711329481557,0.4372307683298696
15791,2,0.6360048745681289,0.32283754366115447,0.2971829559067586
15812,2,0.627606221487481,0.3304356511981418,0.16902152069035617
15816,3,0.6315468598716184,0.30492942865251516,0.15177610818978737
15836,2,0.6563740963772776,0.317157675772203,0.15226084601564838
15839,1,0.6543832557734457,0.2945985709338429,0.1414153790699832
15840,0,0.5863024559937379,0.38882084691865504,0.1336352244034852
15842,3,0.3549957768988853,0.5085247093325269,0.20779873890889797
15843,2,0.6379587330680742,0.34067685809059745,0.14467003387448962
15844,1,0.6628662626009072,0.3386451994971642,0.13462019106850415
15846,1,0.6822741234236346,0.30081212842938687,0.12967565642788914
15850,2,0.7203876770186016,0.31513501395545096,0.1265814262437717
15857,3,0.37885644801687096,0.583935400748067,0.2113898490917873
15874,1,0.5431703645870578,0.4422531297983071,0.163477956260974
15876,3,0.4207564867690803,0.4610484392834233,0.13292058640060406
15879,2,0.6401222769655008,0.3357114260191435,0.18687949232994458
15886,1,0.5025008150145375,0.45957028410067746,0.17160941899649354
15900,1,0.6681297540296474,0.3203579368350501,0.24442569834337952
15923,1,0.6425820948754788,0.3019864389189294,0.10628512716238694
15941,1,0.6401157153263607,0.3064407139786235,0.1473014238254339
15943,3,0.34336036799874897,0.5157739255115843,0.18753044990970624
15944,3,0.5110402663358556,0.47288954027821417,0.2700296938318761
15948,3,0.4234113902044737,0.5255744643554067,0.2393243725735479
15954,2,0.6622829472111532,0.29733269372922544,0.17090730870249088
15955,1,0.7140661430054536,0.3206167706576839,0.1453432703310898
15962,3,0.4489064181301162,0.4542822249860935,0.23001316559636872
15966,2,0.6897199425979481,0.3388979655719584,0.14314305073901215
15973,2,0.5771738937780474,0.30634060972974786,0.12287611545960808
15976,2,0.5795317545078312,0.40497141595192954,0.2434770254604647
15989,1,0.6248512640597124,0.34099330953921314,0.13568200070463368
16004,1,0.6759955215208421,0.3113073023159556,0.1142722162943776
16012,2,0.6564849724241096,0.30948220894130174,0.1260854999594726
16036,3,0.4266846358650865,0.5865152340218729,0.19075041510938434
16038,1,0.5766249817999365,0.29852268520332925,0.09708591656682901
16046,2,0.622856920290033,0.3496211903667825,0.13174192615737665
16052,1,0.6058650566227202,0.3246747998648012,0.12255782325790264
16078,3,0.48977203279436776,0.5054834581700492,0.16589067131684018
16093,1,0.593416057258307,0.31344091546868647,0.1509831837550836
16097,1,0.6627268573758027,0.3266265553025376,0.13026033466983206
16100,1,0.6957011700495015,0.28063473098908687,0.11890506422354138
16140,2,0.6559788749013037,0.3552198757836036,0.13468649615794814
16149,1,0.6379393650817987,0.35694019535585986,0.1319898712170951
16153,2,0.6106222690688737,0.3366300639614964,0.12810325218397206
16163,3,0.49845958172024113,0.4777993673323767,0.16916632716262534
16177,1,0.5279157565300199,0.32797384023754406,0.30435232198931894
16201,2,0.6728355514668439,0.3330133570442878,0.3626256250410467
16218,3,0.5021302446438067,0.45351279385988985,0.2859649988556642
16225,3,0.4408813321579098,0.528574036543306,0.25829659336805516
16226,1,0.7014150754356793,0.3146303002372165,0.14282910797019094
16227,2,0.6503465755156363,0.3514446630273881,0.134249535109826
16229,2,0.669019302364552,0.3535942777124348,0.13505837985697236
16231,1,0.6038588010562025,0.28405616489516716,0.13062657846874157
16245,0,0.7021854996674243,0.24535962287634705,0.123902967041878
16247,2,0.6278550837112884,0.3152724420734223,0.18210255909051715
16253,2,0.6563206123076596,0.33508697117943764,0.15709388054927434
16270,0,0.8797842938280923,0.10687733059011184,0.33946934422195973
16282,3,0.5940136741137185,0.3231172932665718,0.14489263923306525
16296,1,0.7092590719483398,0.3071314087593915,0.13224764844535453
16309,0,0.5026192592589566,0.4484573259040219,0.14370149312517058
16312,3,0.6668715171075303,0.28281571582110776,0.13640301913052005
16315,2,0.6533253284617304,0.32608109721708123,0.12325598464360529
16333,2,0.5885081260943756,0.3417395902946113,0.14476641675833704
16352,0,0.5915129356906269,0.3470673574895934,0.14948684961314476
16356,3,0.5723563614324979,0.48782001344253,0.21466453712446035
16361,2,0.6493817395237731,0.3258167951359875,0.15224484511001424
16366,1,0.6617686177137369,0.3036747839259153,0.11032062053843326
16372,1,0.6780435829386757,0.32921726739848434,0.1225337848191358
16398,1,0.6004424396860506,0.31105016850249023,0.21609566337038974
16447,3,0.4730614806816149,0.49040935473911706,0.134234870788498
16461,0,0.724515583064974,0.20559195142193465,0.19198731572922864
16469,2,0.6600102192792805,0.33882572603253924,0.2908115639737975
16472,0,0.5090995450387612,0.44513159337742314,0.20706237378123918
16503,0,0.6759149700510846,0.29788422161723094,0.14647265401368714
16504,0,0.7324322763951044,0.2495142345065029,0.142456725106094
16505,1,0.6968877591705279,0.2628862722362766,0.10497974552227204
16516,2,0.6661974558887451,0.33453230757650865,0.13061273061830414
16543,0,0.7017797539926741,0.27904046847343555,0.32878980869183433
16547,1,0.6802237959847175,0.32956385210214245,0.1545781526174394
16551,3,0.6863702007524317,0.3546827141979497,0.14930364574337854
16554,2,0.6840438113736979,0.32341383690847203,0.35972290649675637
16556,1,0.6419836579900846,0.2760230936554895,0.11770991107743653
16563,3,0.4986461149388392,0.4704368934016062,0.16255657018142988
16565,2,0.5606641754461134,0.3504641975223758,0.2457917846596754
16577,3,0.4119214842843927,0.5345779064487743,0.2588770765042329
16579,0,0.35992250669208636,0.5736543868779298,0.22408184339254306
16580,1,0.6480610396416698,0.305823734964511,0.15273062380815325
16587,2,0.5932702272332405,0.344460129035303,0.12614941614058287
16589,3,0.43444386319146666,0.5515721385588506,0.2879188655400668
16602,3,0.5479728022748381,0.4732453003551187,0.16605101678450632
16608,2,0.6698846652657549,0.29648695622376775,0.11836194253631242
16618,1,0.6919648371384085,0.2900694091734649,0.1894101988174145
16624,1,0.6550420641233605,0.3616859658190731,0.1346327615384974
16628,2,0.6610273016205249,0.31605284994744287,0.12987026179253042
16647,0,0.5453789463043965,0.3210292071022688,0.10155366027512847
16658,1,0.6051184942531316,0.32339480484769034,0.11693322182151705
16670,1,0.6082833208939752,0.3462565687147483,0.13613863028069903
16674,2,0.6373423121749333,0.32963796604364526,0.21377116525822754
16676,1,0.6562275838697024,0.3336815261766368,0.12206478317470969
16681,3,0.5612684102369773,0.33238315048463507,0.14451854926034546
16698,1,0.5860092011901572,0.3135395059404277,0.1045749755875662
16700,1,0.6423760240672147,0.3250128254677721,0.2186411887942544
16704,3,0.5562231288802905,0.4658852527835613,0.18074528889577232
16707,0,0.529678833262764,0.5054868162351619,0.2295963643323517
16734,2,0.6616492249759897,0.3147162964183853,0.11612297975271756
16739,3,0.46019014653886947,0.49604150630431976,0.14098905005949783
16741,2,0.5499837460945101,0.4461357245059807,0.1764033730954337
16751,3,0.5381184684969609,0.3824848977293851,0.40941285202347527
16771,1,0.5644878097525777,0.3334908552022303,0.12333153238488566
16784,3,0.42347074372175686,0.5344691617113662,0.1825575206701851
16785,3,0.5097369413523618,0.47851514923738103,0.15467764825281938
16787,1,0.5215408496958382,0.4769813566816459,0.17215855445752726
16815,1,0.47817261198758976,0.3936913571127363,0.3414203350938805
16820,3,0.4239429393532557,0.42139392023148836,0.24573909077446626
16846,3,0.41879162116817703,0.5289849693103703,0.2531698059654456
16874,1,0.5737721247572534,0.3472481033022239,0.13190184605732996
16879,1,0.6401952095277322,0.3339664882774924,0.1341495672815206
16884,2,0.650837163026903,0.3067653987610389,0.1558836912153396
16898,0,0.7443038524746737,0.26142691390634265,0.21575950437597133
16920,2,0.6507249103779346,0.3078707097403939,0.14701899440836447
16922,1,0.5861254171096323,0.30730875968530214,0.13271929357636206
16924,0,0.68707532134721,0.2963101176945442,0.1196786695052227
16944,2,0.6038188052649713,0.3395280016321258,0.11489187070736609
16946,1,0.6394285449700217,0.3237895505319236,0.12543387512342719
16955,1,0.6788036248951884,0.34201038268549144,0.1555774176568865
16977,1,0.6132416946888495,0.2973155023016688,0.10804776623490736
16981,0,0.6088096828636081,0.42942350376366023,0.1814999054363036
16984,2,0.6413539509346916,0.3205118023251441,0.11614577048161558
16991,1,0.6297812792170828,0.342432605334999,0.27984148839811107
17004,1,0.583008260891965,0.24481050932394632,0.08404452275634078
17009,2,0.6380978866564576,0.34531621109359545,0.13425110835805698
17013,1,0.6572898983470098,0.276937396744386,0.2547182231354781
17029,2,0.5955680716783643,0.3583048859198429,0.1287055345645698
17033,0,0.61295614118241,0.34344836011468105,0.20441041230957682
17046,2,0.6168687407768195,0.35277083932743947,0.1359367367956547
17050,1,0.6172792852683435,0.4311599657287143,0.1785033015625808
17077,1,0.7255053912163741,0.2851545198677531,0.11477649399730798
17093,2,0.6795851181385122,0.3235705193805559,0.28419590149061813
17094,2,0.6449256985486693,0.3409982975589285,0.12267155792996336
17100,1,0.6412161235047045,0.3627650646650167,0.13356671087953034
17123,2,0.641310814418466,0.34370954083059546,0.13094446283915742
17131,1,0.4138930775330908,0.3560021128742724,0.09774909306885962
17162,2,0.5549003057613754,0.2908055803051326,0.11371702242227631
17181,2,0.6359909503618056,0.3324755451649811,0.12764721671383125
17187,1,0.656225871257154,0.32887061566354936,0.1413637505399018
17199,3,0.36907275426454966,0.5668275216625507,0.19310329676297364
17206,3,0.3874071013508025,0.5843221078027597,0.2142701825581235
17214,0,0.6303448406960124,0.29872493798345645,0.1081210984319082
17221,3,0.4257521804983994,0.34135405876914837,0.08165155263410159
17245,2,0.6538016031991762,0.32513850561047863,0.1761046366436015
17250,3,0.39613051654235476,0.5067249651194567,0.13400968776459354
17272,3,0.5745218781930785,0.4652356137535215,0.16416681678125242
17290,1,0.5177968702281475,0.4494006169899064,0.2884563878269496
17294,3,0.4555800541954546,0.5241661293810866,0.1948677537582975
17311,3,0.44730168757966937,0.5642704754525543,0.2380665463499485
17312,3,0.4661813228465196,0.5382091494491402,0.19975449167738968
17325,3,0.3749443340009817,0.5528671275416874,0.22668194706257733
17334,2,0.6365268069812412,0.3366191313787098,0.12814877506238917
17348,0,0.5507592448159564,0.4402762610568597,0.26376759279321405
17350,3,0.6325061793103758,0.36266358363980844,0.22105746187791805
17361,1,0.6822022933954904,0.327907277025129,0.3451980839540341
17387,1,0.6959673589910776,0.3223707463088755,0.19388394359079333
17395,3,0.48412730983546554,0.4569482942534293,0.14716422481445257
17407,2,0.6306765496516248,0.3259507401686059,0.11332341259563958
17416,1,0.642568357071839,0.32862412878735303,0.11931528745574549
17417,3,0.5727318927362289,0.2736903825525949,0.246929664627237
17421,2,0.6715142645118614,0.328127572669492,0.4382874295675937
17424,1,0.6705023129289975,0.3192003279422745,0.1360541592089681
17435,2,0.644670145182625,0.34609831111675615,0.20626161945479338
17445,0,0.5811592576382004,0.4379959403635696,0.156589003185018
17448,3,0.46248506289284047,0.5473713383916536,0.2558838142200796
17451,1,0.6653848321128926,0.32338821823642194,0.13799664955312196
17459,0,0.6713486190170331,0.3332974603959711,0.1580475666922743
17466,1,0.6647186999182725,0.3326917942508719,0.17412632527972283
17467,2,0.5918885214185803,0.3097181628843376,0.12387369556924265
17477,2,0.6399626947738561,0.30077846169212297,0.22700473154238585
17480,1,0.620066763681493,0.34856147098662293,0.3172435945941574
17482,2,0.6591356592662554,0.3207531798623908,0.11820447131026868
17492,1,0.5781570314829928,0.2864258932661541,0.16680497815489
17514,1,0.5533894845795997,0.2863092204868485,0.22704675651363412
17522,1,0.6622750387254152,0.3145580184066614,0.12477567024584127
17523,1,0.6568613954305695,0.3082196090280921,0.15373322193517608
17536,2,0.6648207385312087,0.3477937617522153,0.1676123055858864
17573,3,0.49886520662663475,0.5008035882961872,0.1599479935690847
17581,1,0.6318032811575592,0.32240013985261695,0.14228436604243133
17585,0,0.4522096344654328,0.43056579917906324,0.15873258538831178
17594,2,0.6568365690898634,0.3105517446571934,0.13316151393443112
17608,3,0.5197455069068924,0.4763780966929505,0.15111863329209535
17632,1,0.518454981658752,0.4188290696341024,0.287704375852333
17637,0,0.7284573072377549,0.29876974528574074,0.24791610424497296
17656,3,0.4372235683895532,0.5808538496122939,0.17177413130849656
17690,2,0.6405952654941625,0.3236002980417182,0.14310224421476636
17709,1,0.57083178903002,0.4473395760715574,0.17739257054890473
17715,2,0.6713205577046786,0.2462943945570637,0.14566553995624892
17718,3,0.45243467268903387,0.5317835959965027,0.26605716267504603
17721,1,0.6371048629680568,0.3235174804296467,0.2599066799898289
17745,2,0.6589528595552585,0.3359814066614123,0.21220581197990743
17748,2,0.639796516477978,0.34612509548026604,0.1512060275885362
17770,0,0.6045782262113558,0.36421108418278336,0.12664223382488074
17795,1,0.5945756891612524,0.3446625314289804,0.11673505422464013
17801,1,0.6491340625536741,0.33245139375257915,0.3422229094143214
17805,1,0.5658927483689868,0.4397510530682628,0.29460468335160084
17827,3,0.3186777100002015,0.4539656675873349,0.1722960779472258
17830,2,0.6391968472911465,0.3440765159131498,0.12504338502546167
17833,1,0.7189464512898776,0.33819528630321527,0.15132890348318628
17838,2,0.614415290416529,0.34623070508367515,0.11867338954106116
17841,0,0.5828350998456344,0.3267063168179434,0.19579345781462143
17849,3,0.4506597215484349,0.42481138493637727,0.2666501267110026
17857,1,0.6889382060985222,0.2883487920985919,0.13307602097221227
17863,2,0.6189563588818744,0.33552645233689515,0.30519447357290425
17870,2,0.611585182826145,0.3425695861381658,0.13466421651526275
17873,1,0.6403595388975426,0.3308212804675522,0.3483696511766756
17874,0,0.43924988341083404,0.4519392629993778,0.12982554643366795
17875,2,0.6673439881730087,0.34428874748842664,0.14519322759660905
17886,0,0.3897192386384503,0.5626915645357584,0.2366685669375714
17897,1,0.6652740426296022,0.3008047447993635,0.21477502760674652
17899,3,0.46288866160499753,0.45757680194329065,0.15023582463182134
17903,2,0.6517526495033003,0.3203431354373639,0.14823975367746073
17905,1,0.5894939429009359,0.42384179454296145,0.28207158662897514
17912,3,0.4247795856598752,0.5021770386050423,0.26914903260408085
17928,1,0.6892029804931216,0.3091539014012781,0.12482535042364366
18005,1,0.6785903958230278,0.3074880922369516,0.36339867732870823
18040,1,0.6546779611371958,0.33074557566636553,0.20871121311965599
18043,3,0.3241183672144667,0.45659518654328723,0.2205769288156368
18049,1,0.667715373003985,0.29869437727253567,0.2794509820728736
18063,0,0.46190469050566335,0.5658908021339117,0.2228562827271101
18073,3,0.5473051432136845,0.4009507442687237,0.14792591490775442
18076,1,0.6670600851065062,0.31717981757945646,0.12177969520331747
18096,2,0.48828218912898375,0.3450030574189358,0.1353349227465327
18124,3,0.5403655464776926,0.4965374537559719,0.1842293717952489
18126,1,0.4330267771427486,0.33905873019249344,0.1025571996527947
18140,0,0.6700030763989377,0.2902330409609628,0.10420971223679132
18159,2,0.5836875573384253,0.38096011194182877,0.24433311482203648
18161,2,0.6681187883739333,0.33243011670142597,0.13255947955754546
18178,1,0.39505025704627755,0.3126474576312612,0.1338281973319002
18180,3,0.4071562842289845,0.5241320446217187,0.23615475743955433
18190,1,0.6594003761411042,0.30466292063631584,0.21173570485841642
18195,2,0.6325011781744991,0.3226294883087817,0.1186177156261817
18202,1,0.562980654826799,0.32255563484325256,0.1005521873410714
18205,1,0.7089043467583593,0.2987709684871306,0.36177105078047056
18207,2,0.7340206978027525,0.3015649985923806,0.13798067715437373
18220,3,0.3853592703791938,0.585798307297025,0.21014703414391261
18239,3,0.5818033890869776,0.44044993828404944,0.25896398745565236
18243,1,0.6245366362853717,0.2985269715519453,0.11374635224393269
18258,0,0.7807277258111804,0.25280298139941526,0.28826823613847596
18260,2,0.6457620505933206,0.34291689565557815,0.14390645995423895
18266,0,0.70681995457922,0.27952670146079894,0.15802975365435673
18267,1,0.6417608365534545,0.3044430938238504,0.11109943246092967
18285,2,0.623758413257456,0.33209219504661613,0.3246123269813961
18286,2,0.5360600057249535,0.3508006163168187,0.10390721516416143
18295,3,0.4587740245048103,0.5641196449747378,0.2495944698735345
18310,2,0.7425474933522521,0.2536004986042797,0.21553956378698352
18316,1,0.6346036902514095,0.32552690117085314,0.17091471387996152
18331,3,0.39468102429067536,0.5267865406002012,0.18268690514007635
18360,3,0.5233621799698365,0.45323252892773547,0.14980209721758375
18368,1,0.6468653789262809,0.2740606217293511,0.10440729415717992
18388,3,0.4241360154250854,0.5006345838971691,0.24543309083780626
18397,1,0.7227353026100913,0.28124763104651573,0.3946740564210865
18406,2,0.6493408494216709,0.3444672777216523,0.12705688279872715
18412,2,0.6348627763942907,0.003182956547324034,0.16936285509224994
18448,2,0.6436923226647375,0.32459865438007496,0.13579156793384606
18464,1,0.7407105450722572,0.28519131962350464,0.12509841140446346
18471,1,0.622370838514651,0.27513553064867724,0.16013373823004354
18479,0,0.7317322733947712,0.22857589335745132,0.09406960263024447
18490,1,0.6514830442043116,0.31475716673809107,0.1441711158763899
18497,3,0.40451956377737475,0.339271757988287,0.09167305154480804
18502,2,0.6924373424315254,0.35089179250496016,0.14361292101183148
18505,1,0.7399977169501143,0.2928430754727158,0.151174977713227
18518,2,0.6838576996409872,0.3288153429133518,0.18001908805743172
18528,2,0.6112252757138106,0.3263130173770534,0.13106612642325075
18532,0,0.9068594510878147,0.01749800346351027,0.27587531110606167
18545,0,0.6798754840653782,0.1867372689944451,0.26183522511281165
18552,2,0.6075737073183304,0.33655118939706996,0.2439165321105127
18553,1,0.6861427668802534,0.2790853299793178,0.1349769073781211
18555,1,0.6693253913318247,0.31246936556884364,0.12312460043483134
18569,3,0.4132325186553635,0.48371266329204243,0.17941721019727658
18576,2,0.6397015946622355,0.3665601100131669,0.15731600357327086
18579,2,0.4889409349335122,0.4690845785081099,0.23992049653630584
18595,0,0.5979128933887241,0.39536943598062135,0.13736864641708818
18613,3,0.38819481647827714,0.5571202574059386,0.15025574405457956
18639,0,0.6575273989750882,0.320261453233203,0.12535228789027186
18648,3,0.41475174029512163,0.41594872879840716,0.2660945489833781
18651,2,0.694047772662725,0.30835480264587123,0.11887067668140451
18652,0,0.4526991286431358,0.47021335516854734,0.1520760748039043
18689,3,0.5192288906359162,0.33519497256032216,0.1762332754737915
18698,1,0.6750264467279314,0.28520082891232723,0.3780744889153588
18701,1,0.6629819823283235,0.35817208444498017,0.1299329433074079
18722,1,0.6771647512957344,0.3541029335012206,0.14318553793124356
18731,2,0.5916593892057688,0.3259378930331156,0.3068679815303044
18733,3,0.4305712614125688,0.45475963649275897,0.18546952420352694
18758,1,0.6781487674400207,0.32466601034150755,0.140721934542807
18760,3,0.432141690860899,0.4632689354230358,0.18601936425833449
18768,1,0.6850431907007244,0.3395365154954154,0.14357033938638253
18770,2,0.6586515026342089,0.3226640007523389,0.1345305976643539
18771,2,0.4593770574869125,0.4771429490154325,0.13978571383899707
18780,2,0.6760084762139693,0.3133727478646837,0.15880974506962334
18783,2,0.6416549340398455,0.3270968405060741,0.1212370441928847
18799,2,0.6660575780729047,0.33057290701807907,0.25551272997754043
18805,1,0.6346748800780391,0.3919569586613657,0.30949960322886455
18806,2,0.6919252593477317,0.32880069208480045,0.15321097077585716
18807,1,0.6666034932323912,0.3185603274684965,0.16097909775706917
18820,0,0.7477179099001309,0.2803949602213528,0.18290529016813
18823,2,0.6575251042768416,0.33637459518548685,0.13760448275499873
18829,2,0.6420606279842064,0.32711058377464264,0.21544981225547524
18838,2,0.5281933573898113,0.47674378385974425,0.22754314999921726
18875,1,0.468866614562327,0.5294837801767653,0.25088877709117346
18879,3,0.44218182308557424,0.541541215252418,0.24664198438725288
18882,2,0.6268032943072439,0.36043514619103567,0.1420582416295067
18883,3,0.3677167817182254,0.4659163332444236,0.18190668514970068
18901,0,0.6771087892338167,0.33314370687205563,0.1275612851712471
18902,3,0.5689889699184596,0.33813467501915506,0.11568792746185673
18909,1,0.5746150309231168,0.4561111032575109,0.1795768831560732
18917,1,0.6062841029452737,0.34340547638216723,0.12825006050843857
18920,3,0.5057930999356314,0.4682249414033727,0.3098543801975816
18923,3,0.5342245460987829,0.4314353557583581,0.13682683842500218
18940,3,0.43905231329165484,0.5347223439020983,0.2699667081196146
18948,2,0.643972649635688,0.3316428236264899,0.12276736857613155
18949,1,0.5939364211087129,0.29562412357223866,0.10169862232528835
18971,2,0.6744062235550938,0.32379704721996005,0.15950116642173767
18973,1,0.6025017111088248,0.34162214724502427,0.25237397223418756
18980,1,0.46550670675507877,0.44818579584908136,0.1991608447681625
18985,2,0.41606224434928163,0.42657416797379877,0.16934685031498137
18986,2,0.669459230252728,0.3236707300060637,0.2533170312862474
18990,3,0.4537504141798587,0.46517454444157935,0.2410544393430498
19002,1,0.48250784209888675,0.4628256683615196,0.22273030990399686
19013,2,0.6349249974739434,0.34568774085006837,0.13611747797245288
19028,3,0.4507481998923582,0.5178194301870758,0.15222341910663184
19043,1,0.6362716504104124,0.3305286204885043,0.12528058315121185
19048,0,0.543302736264862,0.4160375343080107,0.1352889649934279
19081,3,0.3425180591158598,0.5764608950612309,0.20068475698559984
19114,3,0.44529817053364557,0.5745125637483883,0.2046806117465833
19119,3,0.5373934015918462,0.3599988497198128,0.12233180564063273
19124,1,0.7036403669994477,0.28450670110865794,0.14558692191246736
19134,3,0.3871085984488208,0.4880900425166421,0.2282857919097656
19195,2,0.7162574301185477,0.2974474163795907,0.11825078329221525
19197,2,0.7068852981937123,0.30774450751305216,0.16062568794903867
19206,1,0.46426980070188034,0.4938095892565584,0.1966325744022007
19208,1,0.5794565472026518,0.4679770858494584,0.3516406296784422
19209,3,0.6320032449063242,0.4477237104178612,0.2106212365442059
19219,1,0.7240087383403837,0.33352667902625877,0.1413601766822219
19241,2,0.7140935401139962,0.33356894725272723,0.1437307041819597
19255,3,0.4864687948677683,0.5239706617391626,0.17746248469290696
19271,2,0.6339671841911138,0.33467071434961904,0.1662211445597688
19289,1,0.5452043297142858,0.34841805798606795,0.11437802692818395
19296,1,0.643132962029796,0.3425965148799368,0.3458508504549407
19298,3,0.42114937874741,0.49642267144487406,0.25798805413115483
19299,1,0.6924589722115204,0.3016964855111405,0.13955365491798893
19316,1,0.6443317733517591,0.3972945659814061,0.34958642770335335
19322,2,0.663341241845829,0.33907747391268506,0.14149143213241913
19333,2,0.5590669575156882,0.3992620733261283,0.14542349685978193
19338,1,0.46056967254987685,0.4313299714407709,0.13494021317815164
19342,1,0.5131719988601446,0.29110606239631176,0.27234508291739734
19370,3,0.5442695308035654,0.49852481265635296,0.18432758961459506
19377,2,0.6369464755965212,0.32378607056871855,0.17180412564665457
19390,1,0.601014468754855,0.29522705374111324,0.2325112036168157
19394,1,0.6585020371900651,0.28457502846569505,0.11981986965330198
19406,1,0.6018281873311221,0.3190662598926739,0.14248645660294215
19423,0,0.662761933415349,0.24873187031818333,0.216844360224183
19424,1,0.711295263445049,0.3050352095277936,0.14714307757903858
19450,1,0.726774376495301,0.2709295164584531,0.3989959163534
19477,2,0.6204233018826166,0.3397432095293298,0.1536175428344746
19484,1,0.6719582464163981,0.30299427170316395,0.21930628279401604
19488,1,0.7056716771290552,0.2621461639746576,0.10549450173428435
19491,3,0.5311609805470222,0.44077197451355976,0.1900306163188822
19511,0,0.7052721324605548,0.3033286809064305,0.1338234833060146
19537,0,0.5905471986382109,0.3197417781241406,0.28511848136580226
19542,0,0.7914513712011411,0.2484529133491612,0.29948158926425283
19547,2,0.6744331851192855,0.3428652488212248,0.14974104662678048
19580,2,0.6849904058191494,0.3413169285584863,0.13511943486005776
19581,1,0.5719820830154769,0.4147021219503283,0.2844780698806898
19597,2,0.5495342061188503,0.4321634622769073,0.28024318866708336
19608,3,0.35150595275417895,0.42566542760299453,0.1805767830191739
19609,1,0.6311890718203862,0.3381229907866071,0.14468466647101977
19611,3,0.5603370172591753,0.3958080367291117,0.32599282662778534
19627,1,0.621266872670499,0.34916376089028667,0.1472446852147584
19646,2,0.6733127235790602,0.3464151862613225,0.12980342084327487
19654,2,0.6566796945680772,0.3051272345913798,0.11249357035068992
19686,3,0.5998312706581099,0.41805704034827684,0.1626813732910085
19692,3,0.48670421535847846,0.3839010307910594,0.13023919983571194
19698,0,0.5642426681346742,0.23028707040447594,0.22252198297743953
19732,0,0.6133215121477195,0.3924599720182679,0.14682699229331708
19738,1,0.6269836606592477,0.3494750156725087,0.1340547577197596
19748,2,0.6995272116462875,0.3173639444720695,0.21006829620226325
19793,2,0.6170380861913807,0.36704294368266066,0.25747964020172504
19810,3,0.44741877702723526,0.4750673395800801,0.18941497571619123
19833,2,0.6574933756012149,0.335308714237719,0.1798184122259128
19835,2,0.6549211754772807,0.36597369209895547,0.2278523293411616
19867,2,0.6828445372161336,0.3294677145743846,0.125931228080241
19870,1,0.6598022761664517,0.34179808140126566,0.13552258070471238
19875,2,0.45070066051362506,0.5178582244104422,0.18710995321215745
19887,3,0.5113803120247027,0.5055364328573058,0.32521683552669267
19892,2,0.7045227923425628,0.10806834847639368,0.23875413266271497
19898,0,0.5806623680114348,0.3742613641255196,0.15873779520768413
19902,1,0.6202614388942722,0.31275204590380146,0.3597197756251254
19909,3,0.30658357735805974,0.5583881683953028,0.113528819043294
19913,1,0.7106544704771643,0.28946628506054217,0.2583462319340428
19935,1,0.6800934668525642,0.31124173605163086,0.14194466560366215
19945,0,0.8085699707212411,0.15953900217996364,0.3259564425061731
19948,1,0.4635174694959514,0.35969655413665613,0.17410084172290674
19950,1,0.613814305820939,0.3245250022070215,0.12996154377389338
19953,1,0.730709277621726,0.29744254624164235,0.12237863232589188
19988,3,0.47543090472147126,0.3184361627409813,0.09009605241820284
19997,1,0.6162576658819382,0.31152168028438854,0.11351823468505848
